6.27,4.3,6.33,3.6,4.22,5.2,4.33,4.84,2.27,4.74,6.67,3.3,3.75,4.31,2.67,3.41,5.55,3.42,2.8,3.51
3.6,4.61,1.41,1.32,2.42,2.27,3.89,1.67,3.71,1.8,4.76,3.82,5.46,1.74,1.57,1.64,2.68,4.03,2.11,3.27
3.34,3.13,5.59,3.0,5.22,3.31,2.65,4.54,3.58,3.82,3.86,2.52,3.21,3.5,3.34,3.47,3.51,6.3,3.58,2.82
3.57,1.69,1.35,1.29,1.74,1.56,1.41,1.55,2.09,2.36,1.71,1.07,2.4,1.05,1.69,1.29,2.21,2.1,1.37,1.5
7.05,4.51,4.89,3.7,5.67,5.13,5.69,7.23,5.28,5.0,7.37,6.45,6.97,4.63,4.14,4.46,5.39,7.99,3.92,5.93
3.02,0.66,2.92,1.9,3.56,2.39,0.94,3.34,3.8,4.35,2.11,1.35,1.35,3.73,2.72,1.62,3.57,5.42,2.24,1.34
3.6,2.01,2.81,2.9,2.84,2.16,1.95,2.99,3.24,3.46,3.3,3.2,3.0,2.31,2.2,2.04,2.82,3.87,2.72,2.27
4.84,4.81,7.52,4.3,4.24,4.61,5.65,6.08,4.75,2.27,6.06,4.49,4.18,3.61,4.61,4.03,2.06,1.38,6.16,4.46
4.21,3.21,5.07,3.3,5.63,3.35,3.49,5.91,6.22,4.82,5.58,5.93,4.61,4.49,3.02,4.24,4.88,6.07,3.98,4.69
8.89,4.49,7.46,3.8,6.38,5.42,5.04,7.04,6.02,6.42,5.64,6.15,6.11,6.49,3.7,4.56,6.94,9.37,4.5,5.74
3.19,2.92,7.86,4.8,6.91,4.48,5.36,10.12,3.99,4.22,4.91,7.28,5.62,4.31,3.61,4.07,4.29,4.48,3.38,5.07
5.12,3.8,6.24,3.5,5.38,4.43,2.81,6.94,4.86,4.53,4.8,4.55,4.5,4.72,3.25,4.38,4.5,5.49,2.84,4.59
7.06,4.17,6.66,4.3,5.75,5.95,5.36,5.49,5.39,5.14,6.5,5.0,5.4,5.6,5.06,4.48,3.9,5.84,6.63,5.41
3.25,2.96,1.98,2.09,1.01,2.26,3.24,1.85,3.44,2.68,3.54,2.89,1.93,1.21,2.56,0.92,2.0,3.12,1.66,2.77
3.06,1.33,4.0,1.39,4.48,1.65,1.69,3.07,2.88,2.75,1.33,1.64,1.3,3.56,1.49,1.85,2.2,2.91,1.79,1.34
4.74,3.61,5.8,4.48,5.25,3.96,3.86,4.57,4.0,5.74,3.25,4.05,3.5,5.4,3.27,3.39,4.7,5.84,4.51,3.73
4.27,3.12,3.93,3.06,2.38,3.89,2.81,2.08,2.66,2.74,4.0,3.37,3.8,2.7,3.46,2.61,1.6,2.3,3.7,2.6
4.02,2.54,3.96,2.71,5.11,3.63,2.73,4.05,2.85,3.27,3.31,2.89,3.6,3.19,2.6,2.56,3.7,5.45,2.5,2.44
4.35,1.68,1.81,2.7,2.63,3.05,2.06,2.14,3.05,4.04,2.2,2.88,1.9,2.18,2.67,1.33,1.9,5.91,2.78,1.46
5.26,2.11,1.91,2.0,1.48,1.94,1.4,1.59,2.38,3.61,2.72,2.54,3.3,1.88,2.06,1.93,2.2,6.37,2.15,2.17
4.98,2.94,5.93,3.4,5.0,4.09,4.08,8.1,4.82,6.86,6.0,5.68,6.64,4.09,4.81,4.04,6.3,4.84,4.36,4.63
5.79,6.55,8.59,5.61,8.2,5.45,5.49,7.83,5.1,6.43,7.8,5.77,7.6,6.42,2.53,4.75,7.2,6.73,7.65,7.16
4.93,4.52,6.69,4.0,5.3,5.08,5.44,5.32,4.27,4.51,8.3,4.87,6.8,7.04,2.6,4.91,6.1,4.31,6.05,6.29
3.99,3.33,2.55,3.15,2.67,2.39,1.22,2.91,2.42,4.36,4.85,3.83,3.1,2.03,2.37,1.63,3.2,4.95,1.86,3.6
5.13,3.17,6.62,6.1,4.04,4.71,3.4,4.81,3.51,3.74,4.3,3.82,4.9,2.13,2.79,3.79,3.69,5.67,2.89,3.79
7.37,4.76,7.31,4.0,7.34,6.35,4.89,10.13,8.59,6.13,6.8,7.16,6.8,5.57,5.86,4.73,7.3,5.5,6.08,5.45
4.96,2.09,3.68,2.3,3.97,2.93,2.77,4.33,4.53,3.63,3.6,4.0,4.3,3.81,2.26,3.14,3.5,4.86,2.63,3.11
3.49,1.9,2.66,1.7,2.72,1.63,3.08,2.13,2.52,2.74,2.4,2.35,3.06,2.87,2.73,1.74,3.0,4.07,2.05,2.71
5.44,4.08,3.53,2.28,3.71,2.35,3.61,2.84,6.71,5.41,2.31,1.78,6.9,3.39,3.28,2.76,3.4,7.26,2.59,3.0
5.08,2.79,3.97,2.5,5.31,3.85,3.41,4.45,4.12,3.75,5.7,3.67,4.8,3.98,2.23,2.54,4.9,3.49,3.93,4.05
,,,,,,,,,,,,,,,,,,,
4.31,2.68,4.08,3.9,3.53,3.36,4.13,3.21,2.63,3.69,3.3,4.64,2.4,2.9,4.51,2.28,2.9,2.68,3.75,3.7
4.52,3.81,4.97,3.3,5.08,3.57,4.26,5.09,2.39,2.91,4.8,4.07,4.3,4.41,3.46,3.28,4.6,4.32,3.37,3.62
6.56,2.72,2.57,1.7,3.65,3.48,2.92,2.1,3.9,3.26,2.8,3.07,3.6,4.84,3.13,1.51,5.7,7.57,1.87,2.74
5.68,3.56,6.47,2.6,5.35,3.49,4.1,5.81,4.04,4.39,3.7,5.09,4.6,4.46,4.24,4.13,6.4,5.75,3.86,4.2
3.68,2.31,3.67,1.4,3.12,1.8,1.2,3.03,2.88,3.81,1.6,2.07,2.5,3.14,4.27,1.93,3.2,4.52,1.51,1.56
3.3,4.73,2.99,3.51,3.14,2.94,5.12,3.61,3.75,3.0,6.77,4.76,5.5,2.82,2.64,3.29,4.4,2.6,4.95,4.66
4.64,3.11,4.62,2.9,6.48,3.03,3.92,4.71,3.27,3.29,3.2,5.6,3.6,5.19,4.0,2.59,5.2,3.06,3.44,4.03
7.34,4.07,6.35,3.9,6.8,3.32,4.1,5.81,4.75,6.06,4.4,3.29,6.0,5.69,4.82,2.93,5.2,7.84,3.73,5.02
4.82,3.85,2.63,3.6,2.24,3.56,4.03,2.01,3.1,5.0,2.8,4.31,2.92,2.63,3.01,2.08,4.52,1.96,3.2,2.46
3.55,2.02,4.38,1.7,3.24,4.13,1.89,5.08,2.86,3.21,1.76,1.69,2.7,2.07,2.61,3.09,4.4,3.09,2.54,2.32
3.99,3.69,2.92,2.6,1.96,2.68,2.31,3.44,3.53,3.68,3.1,2.96,3.6,1.59,3.09,1.53,2.5,3.24,2.5,2.61
4.08,2.53,1.92,2.1,1.97,2.48,2.18,1.47,3.17,3.58,1.7,3.36,2.1,1.64,3.62,1.38,2.43,5.92,1.94,1.69
3.45,2.51,2.89,2.09,3.24,2.05,2.1,2.2,3.19,3.55,1.72,1.77,3.6,2.84,3.46,2.22,2.7,3.96,1.95,2.23
2.55,2.18,1.62,2.4,2.11,1.98,2.31,1.55,3.1,3.11,2.4,2.46,2.3,2.09,2.01,1.2,2.3,1.03,2.07,2.4
2.44,1.92,3.79,3.66,2.89,4.56,1.03,5.72,2.17,2.49,3.98,5.29,2.4,2.99,1.87,2.64,2.5,2.18,2.14,3.24
6.19,3.71,4.51,4.1,4.95,4.17,4.23,4.79,4.04,3.15,2.9,3.65,3.5,3.46,4.77,2.43,3.5,7.15,2.83,3.71
5.46,2.14,3.77,2.2,3.85,3.32,2.13,3.86,3.23,4.22,3.2,2.25,4.0,3.28,2.81,1.72,4.1,4.58,1.77,2.57
3.77,2.57,2.45,2.5,2.1,2.04,2.57,1.45,2.2,1.63,2.3,3.03,2.4,1.55,1.78,2.43,0.8,1.37,2.11,2.45
3.75,2.02,2.2,2.1,3.83,3.0,2.36,2.67,3.83,4.93,3.0,2.62,3.2,2.96,1.78,2.13,4.1,5.53,2.07,3.18
3.25,3.15,1.38,1.9,0.58,1.82,2.71,1.78,2.36,3.03,2.6,2.4,3.4,1.14,1.94,1.52,2.1,2.04,1.84,1.51
4.82,2.91,3.42,4.1,3.41,3.77,3.26,4.22,2.55,3.54,2.9,3.69,3.0,1.85,3.45,2.55,1.9,3.16,2.6,2.65
4.33,0.97,5.35,1.1,7.08,3.85,1.32,5.5,5.53,4.42,6.4,2.85,4.9,4.37,2.29,2.59,4.5,3.68,1.98,3.75
2.6,3.07,4.43,3.0,3.13,2.79,3.72,4.66,1.68,2.38,4.7,3.74,5.6,2.51,2.09,2.96,1.1,1.45,2.92,3.76
2.35,2.54,2.26,2.4,2.45,1.57,1.94,1.49,0.94,3.2,3.24,2.11,1.2,2.86,1.63,1.42,3.3,1.76,1.09,0.85
4.14,4.59,2.92,2.9,2.25,2.87,3.63,2.62,3.62,3.89,4.1,5.24,3.6,2.68,2.2,2.32,3.7,5.39,2.38,3.68
4.24,3.98,3.61,3.96,3.43,4.03,2.69,3.11,3.54,2.77,4.96,2.81,3.9,2.83,3.43,3.11,3.2,2.54,3.44,2.86
2.89,3.4,4.57,3.6,3.59,4.07,2.3,3.25,2.05,3.42,4.7,3.39,3.8,0.95,2.42,3.27,2.3,5.75,4.12,3.08
6.41,1.88,3.62,2.2,3.8,4.3,1.87,3.97,4.41,4.33,4.9,2.24,4.4,3.71,2.71,2.87,3.6,6.26,2.91,3.42
2.49,4.82,6.07,4.6,6.24,5.48,4.21,5.31,4.98,3.6,6.1,5.38,4.9,4.33,1.73,3.75,3.3,2.35,4.57,5.44
3.61,1.72,1.07,1.4,0.59,2.49,1.9,1.72,2.17,2.2,2.1,2.13,2.1,1.29,3.34,1.35,1.7,2.14,1.64,1.78
5.84,4.71,6.55,3.7,5.96,5.8,4.87,7.99,6.29,4.25,6.4,5.47,7.5,3.81,3.47,4.39,3.8,4.12,4.22,4.63
6.45,5.64,5.72,3.5,4.92,5.34,4.19,5.27,3.85,5.89,8.0,3.94,9.4,5.93,4.29,4.26,6.15,5.49,5.95,5.43
6.77,6.4,7.13,4.4,7.57,7.04,4.45,4.86,6.66,4.65,8.1,5.38,8.6,7.21,5.05,4.79,5.7,7.08,6.81,5.38
5.37,4.97,4.83,4.2,3.47,4.33,3.32,4.42,4.19,3.28,8.8,5.44,7.4,3.1,2.78,4.1,4.3,3.37,5.87,5.79
3.17,3.33,1.73,2.0,2.0,1.61,1.07,1.57,3.33,2.64,0.9,2.26,2.3,1.23,1.72,1.58,1.3,1.95,1.46,1.32
2.14,1.01,7.3,4.8,5.34,5.55,1.42,7.03,3.47,4.2,1.4,4.58,1.2,4.24,2.57,2.55,4.2,3.42,4.93,1.33
3.38,2.11,1.71,2.1,2.23,1.87,1.68,1.73,3.1,3.35,2.1,1.75,2.7,1.19,1.61,1.58,1.3,3.32,1.39,1.29
8.17,4.28,7.06,6.9,7.75,5.78,3.34,6.29,3.25,5.19,5.9,4.15,6.4,4.93,4.97,4.88,8.0,5.22,3.31,6.32
2.53,4.27,2.58,3.11,1.98,1.64,2.72,2.51,2.93,3.55,4.0,3.83,4.2,2.45,1.41,2.15,2.8,4.7,4.04,3.32
3.99,1.61,2.79,2.6,1.53,2.1,2.42,2.41,2.75,4.05,2.8,2.95,3.2,2.67,1.94,2.11,2.4,2.46,2.84,2.72
2.95,2.2,1.34,1.3,2.0,1.68,1.49,1.87,2.66,2.76,1.4,1.81,1.89,1.84,2.7,1.03,2.7,1.86,1.13,1.28
3.32,1.02,4.21,3.1,2.43,4.15,1.46,4.55,3.12,3.82,4.7,4.95,4.6,3.04,1.77,2.28,2.8,3.25,3.11,3.36
5.68,3.93,4.39,3.1,4.28,4.53,3.1,4.92,4.05,5.54,5.0,3.54,5.1,3.72,3.49,3.12,3.7,7.29,3.73,3.2
4.21,4.18,5.48,4.8,4.62,4.03,5.13,7.31,3.52,7.17,5.91,5.23,5.4,3.5,5.57,3.47,3.1,5.05,4.67,3.98
5.12,3.92,8.98,3.0,5.64,6.15,3.17,6.83,4.51,3.97,7.7,3.23,5.4,5.4,4.99,4.43,4.2,4.22,4.84,4.2
2.82,2.95,3.15,3.0,2.57,3.0,3.38,1.35,2.74,3.37,3.3,3.47,3.4,3.25,2.22,2.06,1.9,1.91,3.62,3.06
2.32,1.61,1.49,1.7,2.48,2.5,2.15,1.75,2.58,1.87,1.4,1.29,1.2,2.61,2.11,1.75,3.4,1.71,1.27,1.29
2.81,1.4,1.36,2.2,0.34,2.43,1.37,1.9,2.32,2.6,2.1,2.44,1.9,1.48,2.85,2.36,1.8,1.53,2.05,1.4
4.84,4.04,4.85,3.2,3.24,3.3,2.47,5.43,4.38,5.41,5.0,3.46,5.4,3.24,2.72,2.66,3.77,8.39,3.4,3.43
3.83,2.91,6.03,4.6,6.79,5.39,2.36,6.84,6.07,4.03,6.3,4.38,2.5,5.06,2.26,3.95,5.9,3.61,4.54,5.35
5.93,2.96,7.08,5.0,6.08,4.83,3.65,6.97,5.36,6.0,6.0,7.4,5.9,4.18,4.03,3.12,6.0,5.39,3.58,2.09
5.39,4.45,4.11,4.25,5.91,4.17,3.33,5.23,5.93,5.32,8.98,4.93,6.28,5.76,3.15,4.21,5.05,4.88,6.32,6.78
3.97,3.51,3.95,4.2,4.42,3.89,3.37,4.96,2.3,3.84,5.8,3.28,7.0,3.99,2.86,1.95,4.4,2.65,1.74,4.36
3.44,3.28,2.24,1.9,3.36,3.48,2.27,2.58,3.23,4.27,4.0,2.26,2.5,2.19,3.51,1.41,3.8,7.24,1.0,2.93
2.88,2.01,1.55,2.2,1.41,1.67,1.86,1.52,1.45,3.65,2.4,3.41,2.21,2.23,1.71,1.2,3.5,3.37,1.37,1.89
4.48,3.06,5.88,3.7,4.75,5.41,4.71,7.81,5.41,5.47,5.8,5.34,6.0,4.49,4.79,4.62,3.9,7.36,3.85,4.47
5.21,3.87,5.45,3.8,5.41,4.69,4.15,7.35,6.69,6.92,5.5,5.02,4.6,4.83,5.79,4.11,5.8,8.87,3.95,4.2
4.89,3.75,6.98,4.8,5.61,5.36,4.45,7.89,6.24,5.56,7.8,7.06,6.4,4.83,4.92,5.15,4.2,4.69,4.02,4.25
2.85,1.65,1.7,1.6,1.83,1.47,1.43,1.49,2.77,2.92,2.3,1.54,2.1,2.16,1.72,1.16,1.9,3.12,1.51,1.18
8.46,3.99,5.19,2.0,4.28,3.97,4.8,4.31,3.49,5.24,4.24,2.98,7.2,4.85,4.2,4.82,6.2,5.93,3.94,4.88
6.1,2.52,4.06,4.3,4.51,2.85,1.64,4.48,3.08,1.4,1.9,2.34,5.0,1.87,2.47,3.06,3.5,2.91,2.04,2.48
,,,,,,,,,,,,,,,,,,,
6.29,2.18,5.39,,1.34,1.09,2.71,1.05,4.13,3.58,2.38,4.82,4.73,1.94,1.43,3.16,3.32,3.63,3.45,2.76
3.44,1.84,3.8,,3.47,3.34,2.78,4.16,2.36,4.15,3.2,2.53,2.8,2.66,1.78,2.08,2.3,4.14,1.96,3.33
3.79,3.35,6.85,3.77,4.77,4.9,3.2,7.85,4.94,6.16,5.7,3.26,5.8,3.6,1.74,2.26,3.4,5.26,3.81,4.76
4.88,2.78,6.28,1.9,2.08,3.07,2.86,7.74,2.39,3.76,3.4,3.95,4.6,2.13,2.53,2.43,2.26,2.46,3.31,3.47
4.79,3.91,4.95,3.77,3.32,4.15,2.67,4.77,2.74,3.71,6.03,3.33,5.26,4.56,2.06,3.37,2.53,3.62,5.32,4.04
4.07,3.67,1.22,3.6,2.42,2.31,2.77,3.23,2.99,4.08,4.5,3.82,4.2,1.96,2.52,2.87,2.6,4.36,3.59,2.97
2.68,4.43,2.41,3.5,3.36,1.91,2.49,1.78,3.06,3.27,2.6,3.29,2.7,2.81,1.86,1.43,3.9,5.95,2.44,2.53
2.58,3.04,2.54,2.2,3.0,2.53,1.28,2.72,2.72,1.72,2.9,2.44,3.2,2.41,1.37,1.81,2.5,1.81,2.6,2.52
2.38,0.84,2.88,2.1,2.35,2.48,0.7,2.57,1.67,2.31,1.9,1.57,2.2,1.59,1.62,1.1,1.9,1.9,1.36,1.78
3.67,2.75,2.17,1.87,2.83,2.72,2.56,3.08,2.33,2.8,1.87,2.08,2.71,1.81,1.7,1.5,2.23,3.25,1.31,1.41
7.27,2.16,5.22,3.8,4.57,5.6,2.12,4.17,1.88,4.82,2.9,2.89,4.6,3.58,4.5,3.98,4.0,3.26,2.8,3.48
4.19,3.73,4.6,3.4,4.31,3.84,3.02,5.72,4.38,3.74,4.1,4.13,5.3,3.29,3.09,3.75,3.7,4.67,3.01,4.32
6.09,2.48,3.54,4.5,5.05,4.22,2.73,4.3,3.15,5.5,4.4,3.2,3.2,4.38,4.58,3.27,2.8,4.63,2.91,3.75
3.33,3.97,4.31,4.1,4.32,3.39,3.59,3.37,2.31,2.31,5.0,2.16,4.6,3.75,2.08,2.96,2.8,1.95,4.23,3.26
3.46,2.71,2.23,3.2,0.0,2.74,4.04,1.74,2.61,2.58,3.4,3.39,3.1,1.2,1.9,2.35,1.6,2.36,2.99,2.79
3.71,2.17,4.27,2.0,2.97,3.86,1.8,3.9,3.42,2.71,2.3,2.22,2.5,2.02,3.23,2.28,1.7,1.99,2.17,2.07
5.7,3.13,4.77,2.9,5.14,3.29,2.71,6.04,5.37,5.68,5.4,4.37,5.2,3.91,3.47,3.25,4.1,4.74,2.33,3.4
3.93,3.53,6.37,3.1,5.43,3.79,3.18,6.48,4.17,5.08,5.6,4.73,5.8,4.52,3.61,3.9,4.6,3.7,2.4,3.4
3.71,3.56,4.02,2.7,3.32,1.91,3.59,4.1,2.52,3.42,4.5,4.8,4.55,2.16,2.35,2.81,2.4,2.84,2.52,3.65
3.04,2.76,4.05,1.6,2.53,3.19,1.63,3.5,2.93,2.09,3.6,1.83,2.3,2.69,3.51,1.98,1.7,1.89,1.36,2.41
3.32,1.68,1.87,2.1,1.9,3.49,1.6,2.22,3.06,2.34,1.6,1.62,1.9,1.83,2.97,1.31,2.0,4.94,1.52,1.67
3.78,1.19,3.42,1.3,3.87,3.96,1.43,3.63,3.42,4.06,2.0,1.42,2.1,3.62,4.19,1.91,2.4,5.57,1.66,1.37
3.08,2.26,2.38,1.6,2.24,2.78,1.79,1.87,2.87,3.16,1.6,1.72,1.7,2.03,3.18,0.94,2.7,5.31,1.56,1.14
3.56,0.9,1.36,0.9,2.22,3.24,0.92,1.6,3.07,3.11,1.2,2.14,1.8,2.7,2.13,1.97,3.48,7.19,1.93,1.55
3.29,1.92,3.96,1.6,4.56,3.19,3.75,3.96,3.8,3.51,2.38,3.05,2.7,3.26,2.81,3.06,4.1,7.1,2.04,2.58
6.61,2.59,3.91,1.4,4.84,3.97,2.98,5.16,5.27,4.07,4.1,2.63,5.4,4.9,,2.68,5.5,7.36,2.62,2.9
3.88,2.46,4.98,3.4,3.41,3.75,1.99,5.16,1.65,1.26,3.1,3.32,3.9,2.1,1.9,3.7,1.5,2.07,3.77,2.49
6.18,3.31,3.88,1.9,4.12,3.89,2.83,5.73,4.17,4.4,3.6,2.78,5.9,3.27,2.9,2.46,3.1,5.57,2.69,3.85
2.51,1.47,3.19,2.5,2.81,1.62,1.81,2.44,2.42,4.23,1.6,1.93,1.5,2.47,,2.31,2.6,4.04,2.51,1.13
4.21,2.71,4.06,2.0,3.72,2.7,3.07,4.83,3.42,3.84,3.3,4.07,3.1,3.31,,3.12,3.0,4.34,2.24,3.26
4.44,2.17,3.19,3.44,2.41,2.71,2.18,4.06,3.6,3.82,2.92,4.36,3.6,2.37,1.99,2.32,2.43,5.7,2.17,2.53
4.81,2.46,2.56,2.0,2.72,2.67,2.39,2.5,3.08,1.45,3.51,2.75,4.1,1.98,2.12,1.91,2.6,3.14,2.22,2.63
2.94,2.57,3.26,2.7,2.68,2.73,3.01,3.88,3.9,3.17,3.6,3.15,3.6,3.21,2.22,2.52,2.6,2.32,2.01,2.91
4.01,3.18,3.94,2.5,3.32,3.25,3.47,4.59,3.68,3.15,4.2,4.25,5.1,2.32,3.04,3.3,3.32,4.37,2.49,3.77
5.01,3.36,6.6,5.2,5.14,6.18,5.03,8.26,5.64,6.02,6.4,6.72,5.77,4.89,4.01,4.64,4.3,6.66,4.57,5.95
6.59,3.23,6.72,3.7,6.08,5.43,4.14,8.18,5.36,6.22,5.9,5.47,6.2,3.87,5.75,5.22,4.7,8.5,4.25,4.55
6.17,3.64,6.14,3.2,5.82,5.18,4.69,5.97,5.63,4.66,5.89,5.81,6.2,4.16,4.84,3.79,4.6,7.16,3.58,4.91
5.19,3.32,6.14,3.3,6.25,4.26,3.45,5.13,5.63,5.71,5.88,4.61,5.1,4.83,2.88,2.72,4.7,4.35,3.64,4.39
4.07,1.59,1.64,2.2,1.28,1.47,1.59,1.55,2.0,2.74,2.1,1.74,2.3,1.51,1.77,1.52,1.5,3.13,1.91,1.77
5.32,3.1,8.11,4.73,7.71,5.47,2.97,6.09,3.29,7.31,5.21,3.12,4.1,5.96,3.97,4.46,6.3,5.14,3.09,3.98
3.24,2.66,1.39,2.8,1.0,1.4,2.16,1.72,2.88,2.36,3.1,3.03,4.9,0.78,1.49,1.4,1.8,3.86,2.44,2.78
3.65,2.11,1.92,0.74,1.51,1.9,1.67,1.67,2.28,2.08,2.81,1.24,3.1,1.27,2.6,0.92,2.3,3.56,1.15,2.09
6.27,3.57,8.27,4.6,6.65,6.11,3.45,5.16,3.61,3.93,5.5,3.44,3.8,2.59,5.0,3.85,4.3,4.12,2.55,3.91
5.19,2.43,4.63,2.62,3.73,4.04,2.83,5.06,4.48,4.07,3.9,3.43,5.0,4.32,3.26,3.2,4.95,8.85,3.86,3.83
3.94,0.88,3.82,3.0,3.63,3.97,0.94,3.3,4.05,3.17,3.1,2.13,3.1,3.51,4.22,2.23,2.6,3.25,2.78,1.48
2.52,1.95,1.57,1.2,2.49,1.47,2.12,1.61,3.22,3.46,2.8,2.14,3.0,2.96,1.95,0.9,4.1,2.12,0.97,2.39
3.49,1.9,5.0,2.8,3.06,3.39,2.2,3.57,3.11,4.29,2.9,2.49,3.4,2.85,2.62,2.66,4.2,3.5,1.97,2.64
3.15,1.63,4.01,2.9,3.63,2.67,1.8,3.19,1.92,3.78,3.3,4.67,2.7,2.29,0.59,2.89,2.0,6.18,2.33,2.34
3.2,1.39,4.81,2.5,4.19,3.56,1.38,3.33,2.09,3.0,2.8,1.96,2.5,3.43,2.52,2.19,3.3,2.13,1.64,2.27
5.91,3.11,7.56,3.8,5.28,4.93,3.53,7.74,4.43,4.52,5.6,3.12,5.2,4.87,3.47,3.82,5.5,7.98,2.25,3.98
3.98,0.79,1.39,1.3,1.73,2.28,0.97,2.29,3.47,4.24,2.1,1.06,3.4,2.35,2.49,0.98,4.7,4.93,0.65,1.34
2.13,1.8,1.49,2.1,2.32,1.52,1.16,0.88,2.07,2.61,2.3,1.62,1.7,2.01,1.83,0.67,2.0,3.92,2.03,1.0
0.81,0.92,0.85,1.7,1.65,1.66,0.65,2.02,1.28,1.69,1.3,1.48,1.0,1.29,1.0,0.98,2.9,0.72,0.86,0.43
5.16,3.06,5.0,2.8,4.99,4.07,2.51,4.74,2.41,4.95,4.6,3.16,3.8,4.36,3.31,2.82,2.6,5.21,3.57,3.14
6.06,4.73,10.06,3.9,8.87,7.27,3.68,8.7,6.53,4.74,5.7,3.26,5.3,8.01,5.35,4.95,5.6,9.27,5.34,4.37
5.45,2.91,4.79,1.66,1.98,4.06,2.5,3.56,2.6,4.84,4.62,3.89,3.5,2.77,2.41,1.69,4.5,3.07,1.49,3.68
4.47,4.25,4.6,2.9,4.12,4.56,4.84,5.11,5.34,3.39,6.4,4.09,5.0,2.89,3.75,3.44,4.5,3.53,3.94,4.01
2.49,2.35,2.49,1.5,1.47,1.47,1.15,1.77,2.39,2.42,0.8,1.34,1.9,1.99,1.43,1.84,2.1,0.98,1.38,0.54
3.06,1.82,2.69,3.3,3.19,2.45,2.66,3.36,2.28,3.23,1.8,3.6,2.52,2.86,1.61,1.75,1.1,3.29,2.31,1.99
4.21,1.42,2.75,1.2,2.44,2.77,1.48,3.4,2.81,3.3,3.4,1.57,3.58,1.54,2.4,2.11,2.6,5.08,1.94,2.0
7.06,3.79,6.95,3.0,5.34,4.63,3.29,7.36,4.55,4.76,5.1,5.13,5.77,4.03,3.22,3.87,5.6,6.28,3.88,3.87
6.9,3.9,7.79,4.3,7.79,6.31,3.52,7.24,3.82,5.06,6.4,5.96,6.73,4.94,3.87,4.94,6.5,4.97,4.36,4.32
4.2,1.14,5.61,1.75,3.92,4.31,1.55,4.52,3.87,4.36,4.5,2.74,4.6,3.93,2.31,2.29,3.9,4.41,1.46,2.13
3.15,2.75,4.16,1.64,5.01,3.11,2.34,4.88,4.43,4.42,2.16,3.58,3.3,4.14,2.68,2.61,4.8,6.0,1.68,2.39
8.25,3.15,4.24,1.3,4.12,4.43,4.54,4.1,3.38,2.56,3.2,4.25,6.08,3.08,3.48,2.97,4.5,3.01,2.66,2.56
8.57,4.39,7.46,2.14,5.98,6.17,5.77,5.12,5.13,3.24,4.46,6.82,7.1,5.16,5.41,5.76,6.7,4.15,4.15,4.19
8.12,4.57,5.92,3.2,4.07,4.14,4.26,5.38,3.81,2.97,4.2,5.92,7.1,2.68,5.47,3.87,4.2,3.56,3.56,2.99
6.05,2.88,3.51,3.81,3.13,2.27,3.74,4.38,3.53,2.76,2.23,3.11,4.7,3.32,3.83,2.34,3.6,2.35,2.93,3.13
2.41,1.28,2.22,1.4,2.49,1.15,1.43,1.66,1.87,2.41,1.3,1.25,1.51,1.95,0.74,0.79,1.7,4.4,0.98,1.26
2.77,1.85,4.79,3.19,2.36,1.82,3.1,4.54,3.12,2.21,3.96,4.36,2.5,1.78,2.99,1.94,2.5,2.3,2.69,3.44
5.75,3.44,5.59,2.9,4.49,4.37,2.97,6.41,3.25,4.46,5.0,2.11,5.0,3.36,3.51,3.44,4.24,3.98,2.24,2.93
3.37,2.52,2.4,2.9,0.93,1.87,2.41,3.83,1.1,2.81,3.2,2.52,2.6,1.14,0.9,2.47,1.9,2.54,2.16,1.9
4.21,0.89,3.17,1.0,3.39,3.03,0.9,2.88,2.17,5.28,2.1,0.7,2.6,2.93,2.33,1.48,4.0,4.23,1.0,1.4
4.64,1.81,2.69,1.7,2.78,2.86,2.05,3.34,3.71,3.04,3.5,2.5,3.9,2.48,1.73,1.49,4.0,4.42,2.03,1.96
3.33,2.8,4.89,2.48,3.43,2.98,2.84,5.27,3.8,3.71,4.2,2.89,3.8,3.28,2.88,2.77,3.5,5.15,1.88,2.32
10.29,4.46,9.41,4.4,6.95,7.43,7.3,7.2,4.7,6.64,7.4,5.8,8.1,5.94,6.88,5.09,6.0,7.12,5.62,4.99
3.36,2.96,6.12,3.5,6.4,5.46,3.54,8.57,5.16,5.34,4.28,6.66,3.8,3.55,2.05,4.77,3.3,6.1,4.12,3.83
6.67,3.49,5.97,3.1,4.25,4.75,5.5,7.25,4.99,5.2,6.1,6.24,6.6,3.83,5.22,4.35,3.1,6.98,3.51,4.71
2.29,1.72,3.55,1.41,3.58,2.28,1.4,2.85,2.55,1.49,2.36,2.52,1.8,3.16,2.11,2.46,3.9,1.07,1.42,1.26
7.39,2.59,4.9,5.0,7.6,3.55,3.12,5.2,6.33,8.28,3.66,3.66,6.3,8.27,4.94,2.33,7.3,13.18,1.77,3.19
2.43,2.25,4.66,3.5,3.39,3.3,3.21,5.92,4.17,6.16,5.7,4.99,3.1,2.99,4.55,3.53,3.4,5.05,3.27,3.68
5.29,2.41,3.47,2.4,2.23,3.59,1.43,2.67,3.75,2.84,4.5,1.57,4.2,2.8,2.28,1.83,4.0,2.25,1.59,2.9
4.25,2.91,3.79,1.3,3.6,2.31,4.43,3.36,2.88,1.75,2.2,5.05,3.8,2.58,3.03,2.04,3.3,1.97,3.04,2.24
4.84,3.49,5.2,2.3,2.74,3.98,4.0,3.92,2.24,2.77,1.2,4.9,2.9,1.63,3.15,2.77,2.0,1.97,2.81,2.44
4.81,2.81,4.74,1.5,4.09,3.15,4.25,3.8,2.99,2.61,3.2,4.71,4.7,3.17,3.1,2.91,3.5,3.05,2.66,2.5
5.1,2.86,5.17,2.2,4.11,3.82,3.21,4.12,2.5,4.24,3.9,3.66,4.8,3.74,3.22,2.98,4.6,3.4,2.47,3.84
6.01,3.24,5.53,1.7,5.29,4.82,3.84,5.18,2.7,4.03,4.0,4.21,5.2,4.3,3.83,4.48,4.6,4.03,3.13,4.85
3.82,2.47,4.53,2.4,4.34,3.16,2.03,4.05,2.09,3.72,3.4,3.02,3.0,3.12,2.66,2.74,4.3,4.22,2.1,3.54
3.93,1.32,3.62,1.23,3.33,2.72,1.9,3.31,2.36,4.49,2.63,2.15,2.9,3.91,2.34,2.08,4.41,2.65,1.6,1.65
4.73,2.18,4.07,1.04,2.2,2.6,2.7,3.55,2.01,3.34,2.56,2.6,3.8,2.73,2.86,2.71,3.1,3.16,2.5,2.75
3.13,0.37,3.74,2.08,1.96,1.76,0.95,2.83,2.0,3.95,1.01,1.45,2.1,1.84,1.0,1.79,2.7,2.63,1.47,0.41
4.07,1.05,2.8,1.0,2.94,1.48,1.34,3.09,0.86,3.35,1.4,1.05,2.0,2.76,1.47,1.55,3.9,2.2,1.74,0.52
,,,,,,,,,,,,,,,,,,,
2.59,1.37,3.64,1.7,5.59,3.52,1.34,2.83,2.23,4.18,1.1,1.5,1.5,3.6,1.72,1.05,4.7,2.84,1.1,1.02
6.7,2.66,8.03,4.15,7.68,5.98,3.68,6.96,3.96,6.1,6.16,3.75,4.7,5.1,4.44,4.53,6.6,6.14,3.2,4.2
6.74,5.16,7.13,4.9,4.83,4.78,4.7,5.06,3.23,3.17,6.2,4.26,4.8,3.56,4.47,3.86,4.7,3.77,2.63,4.5
6.67,3.61,7.32,3.2,4.73,5.36,4.19,7.79,5.33,6.75,5.7,5.45,7.1,3.42,6.75,5.34,3.7,6.27,4.1,4.07
4.74,2.85,8.97,3.8,4.51,4.98,2.98,9.4,2.28,8.6,4.6,5.74,4.5,4.95,3.97,5.45,3.91,8.75,5.06,4.2
0.96,1.04,5.82,2.5,6.17,4.31,0.82,5.84,3.62,7.22,2.3,2.0,1.4,3.43,2.11,2.91,2.93,7.64,2.7,1.56
4.2,2.26,4.54,3.1,3.48,3.17,3.26,4.86,3.42,4.35,4.1,4.28,3.6,3.08,3.83,2.29,3.2,4.37,2.23,3.58
6.84,5.03,8.01,5.14,5.0,5.82,5.32,7.99,3.17,4.35,4.9,4.23,4.8,3.34,4.44,5.33,4.1,3.87,3.5,4.12
3.13,1.37,4.44,1.1,5.75,3.22,1.44,4.3,3.08,5.61,1.0,1.52,2.0,4.98,3.57,1.6,5.6,3.82,0.97,0.72
2.01,3.7,4.5,2.6,3.5,3.39,2.48,6.44,3.21,8.49,4.7,3.12,4.2,2.79,5.08,2.77,3.8,8.2,3.0,2.5
5.46,3.6,1.76,2.6,1.23,2.94,3.65,1.98,2.86,4.19,4.8,4.6,4.2,1.85,4.12,2.46,2.1,4.44,2.2,3.12
5.08,2.69,3.76,2.7,3.51,2.66,3.22,4.39,3.54,4.33,4.3,3.02,3.5,3.21,2.86,2.07,3.3,7.12,2.44,2.97
5.45,2.09,4.31,3.1,6.49,3.64,2.73,4.65,6.4,6.6,3.8,3.3,3.1,7.06,3.59,2.11,5.0,9.15,3.42,2.88
3.76,1.65,4.19,2.2,4.24,3.14,1.92,3.95,2.74,4.45,2.9,2.86,2.4,2.8,2.23,1.71,4.9,2.5,1.53,1.67
3.38,4.91,5.76,4.0,6.23,3.79,3.65,4.09,2.86,5.63,4.72,4.57,3.6,4.78,2.03,3.03,5.4,5.06,4.48,3.75
4.47,3.04,4.46,2.5,5.44,4.26,3.12,5.33,6.38,5.14,5.4,3.68,3.9,4.51,3.54,3.4,4.7,6.19,2.92,3.86
5.41,2.28,4.12,2.2,3.64,3.33,1.91,4.64,4.47,4.84,4.2,3.48,3.3,3.32,2.89,2.7,5.1,6.13,3.24,3.1
4.76,5.36,6.77,4.7,5.08,4.7,5.72,6.62,4.17,5.69,6.6,7.12,6.5,3.63,4.54,4.4,3.68,6.17,3.87,4.98
3.35,3.49,2.08,1.6,2.86,2.88,2.51,2.23,2.47,1.83,2.7,3.01,3.4,1.7,1.4,1.38,2.4,3.2,1.46,2.57
1.29,0.65,2.02,0.5,0.99,1.25,0.63,1.64,1.1,3.77,1.0,0.83,0.8,2.47,1.62,0.77,3.5,1.91,0.79,0.54
4.14,2.35,5.49,1.6,5.34,4.32,2.93,4.97,3.33,3.89,2.6,3.55,2.7,3.96,3.13,3.61,4.1,3.3,2.69,2.7
2.49,2.09,2.65,1.8,1.79,1.85,0.62,1.84,2.08,3.7,1.5,2.41,2.4,2.36,1.67,2.08,2.9,3.01,1.47,2.03
5.0,2.87,5.75,1.8,4.15,4.51,4.24,4.48,3.91,2.6,2.8,4.84,5.0,4.03,3.32,2.53,5.6,5.08,2.5,3.38
5.98,2.53,3.94,2.0,3.61,3.12,2.33,3.5,2.86,3.27,2.4,2.57,3.9,3.07,3.29,2.48,4.1,2.56,1.95,2.66
8.01,4.03,7.9,5.8,8.26,6.72,4.21,4.88,3.4,8.42,6.3,4.06,5.8,6.14,4.44,4.66,8.01,6.22,3.19,4.64
2.03,1.38,7.0,1.9,5.39,5.03,1.11,5.79,5.34,6.86,6.5,3.8,2.7,3.93,2.63,4.25,7.2,7.35,3.97,3.89
4.37,2.55,3.99,1.9,3.17,0.92,2.48,3.01,1.6,5.23,3.3,2.23,2.0,2.03,1.14,0.79,2.9,4.0,2.08,1.58
5.89,2.89,6.72,3.1,6.11,5.14,3.38,6.12,3.16,4.37,5.18,3.9,4.0,4.32,4.01,3.46,5.2,3.03,3.4,3.56
2.4,1.31,3.38,0.61,3.85,0.91,2.03,3.02,3.56,6.16,2.73,1.94,1.4,4.6,1.15,1.48,2.8,9.57,1.22,1.78
8.79,4.03,7.38,4.11,7.2,5.28,3.95,7.13,7.63,10.4,7.44,4.94,5.1,7.02,4.4,4.81,5.49,12.53,5.43,4.74
7.22,5.34,5.64,3.8,6.45,6.95,3.85,5.81,5.62,8.09,7.2,6.4,5.4,4.85,5.37,5.09,3.7,7.53,6.48,4.78
2.65,1.55,3.5,1.3,4.78,1.74,1.5,4.48,4.36,4.23,3.6,1.88,2.5,3.03,2.69,2.05,3.0,3.93,1.56,1.58
4.01,2.47,3.03,2.1,1.59,1.84,1.81,2.95,1.6,2.49,2.6,1.83,3.7,1.95,2.16,2.13,2.2,2.56,1.52,1.6
0.73,2.86,3.42,1.8,3.18,1.21,2.31,2.68,1.88,3.86,2.3,2.02,2.4,3.1,1.65,1.86,1.4,1.95,2.11,2.22
6.19,2.7,4.83,2.0,4.27,4.2,3.26,5.91,3.01,4.44,5.2,3.39,4.7,4.5,4.39,3.15,4.26,7.55,2.71,3.84
4.92,3.51,6.14,4.1,5.25,5.2,3.93,6.19,3.15,4.9,5.6,3.72,3.6,4.57,3.69,4.57,5.4,5.01,3.34,3.86
5.49,3.42,4.38,3.9,2.31,3.57,3.63,3.44,2.37,2.85,4.8,3.92,4.43,2.42,2.87,2.97,3.7,3.88,2.24,3.08
1.64,2.43,1.58,1.8,0.65,1.06,1.69,0.99,1.73,2.01,2.3,1.92,2.21,0.97,2.5,1.26,1.76,1.88,1.31,1.08
2.25,2.18,3.22,3.6,2.4,2.11,1.66,2.59,1.21,2.94,2.5,1.74,1.7,2.4,2.32,1.58,2.91,2.76,1.75,1.87
5.73,3.17,4.95,2.9,3.97,3.86,3.46,4.76,3.08,4.12,4.5,4.25,5.7,3.19,2.8,2.93,3.6,5.24,2.55,3.18
5.51,3.99,5.72,2.6,3.44,3.93,3.39,6.39,3.67,3.86,5.3,4.82,5.64,2.92,3.83,3.61,3.8,6.18,4.34,4.49
6.2,4.7,8.21,3.2,6.98,6.09,3.94,9.23,4.13,5.07,4.8,5.75,4.2,4.61,4.11,4.18,5.5,6.34,2.32,3.37
5.46,4.7,6.52,3.8,3.93,4.39,4.24,7.51,5.34,5.36,5.5,6.78,6.2,3.56,6.73,5.06,4.35,6.05,5.26,3.86
2.34,2.87,4.27,2.8,1.96,2.78,3.4,3.68,2.03,1.62,3.6,3.63,3.5,1.73,2.83,2.06,0.9,1.87,3.73,3.34
4.25,2.97,3.73,1.92,3.07,2.8,3.08,4.42,2.6,4.87,3.94,3.61,2.3,2.47,3.04,2.51,2.5,4.44,2.0,3.33
4.73,1.71,3.67,1.87,3.36,2.79,3.17,4.62,2.42,4.46,3.99,4.09,2.9,2.32,2.61,1.96,2.8,4.33,2.03,3.02
5.21,4.82,4.09,3.72,5.7,2.63,5.26,4.42,4.95,4.24,5.47,5.27,4.5,2.87,2.28,3.26,3.2,4.13,3.47,4.53
6.04,4.89,6.29,4.12,4.12,4.14,3.9,7.19,5.67,6.19,6.37,5.52,5.9,3.97,5.98,4.79,4.8,5.21,5.02,5.14
7.56,4.18,6.42,3.27,5.45,4.82,4.17,6.94,4.19,5.17,6.28,5.4,6.8,4.04,4.69,4.12,5.5,8.42,4.44,4.08
4.67,3.4,5.02,3.7,3.34,3.32,3.4,5.26,2.98,3.97,4.3,3.15,3.1,3.24,2.89,3.13,4.1,3.42,2.29,3.2
0.92,1.75,2.24,2.15,0.65,0.89,1.42,1.33,1.01,2.2,1.33,3.11,1.8,0.44,1.7,1.37,0.8,4.1,2.37,1.12
0.99,0.11,2.69,1.7,0.91,1.87,1.38,3.1,1.3,4.42,2.0,1.53,1.4,1.33,1.98,1.74,1.8,0.95,1.36,1.74
3.01,0.57,2.14,1.2,2.11,3.09,0.81,3.31,2.21,4.62,1.7,1.2,1.6,1.63,2.27,2.02,2.9,2.0,2.0,1.87
7.06,3.87,6.15,4.3,5.68,5.47,4.5,5.28,3.6,6.26,6.3,3.52,4.8,4.35,4.85,4.1,6.5,5.47,2.96,3.96
6.53,3.89,5.39,3.5,3.46,3.77,3.39,4.73,2.6,3.06,5.4,4.0,5.4,2.85,3.11,3.49,3.9,4.74,3.21,3.21
3.82,1.7,2.74,1.0,1.93,2.24,1.8,2.63,1.75,1.57,3.0,2.01,3.28,1.84,2.68,1.41,1.8,2.04,1.5,1.45
4.76,4.62,4.1,3.8,3.45,3.17,3.81,4.7,2.31,4.75,5.7,5.52,6.4,3.01,2.85,3.47,2.8,5.16,5.12,5.08
5.7,2.49,3.83,1.8,4.27,4.61,2.54,3.85,3.46,4.46,4.4,2.18,3.7,3.47,3.54,3.0,6.1,5.45,2.69,2.39
7.42,4.19,8.06,3.4,7.91,5.52,4.43,5.92,4.07,7.07,5.8,3.52,4.7,6.04,4.81,5.21,6.6,5.3,3.21,4.45
5.07,2.98,5.24,3.0,4.29,4.0,3.4,4.06,2.85,5.18,4.3,2.31,4.2,3.87,3.08,3.45,4.4,4.79,2.06,3.22
3.61,2.78,4.01,2.9,3.85,2.91,3.02,3.42,1.33,3.94,3.0,2.83,2.8,2.71,2.3,2.49,3.21,3.36,1.67,2.41
,,,,,,,,,,,,,,,,,,,
4.02,3.05,3.33,4.0,1.58,2.55,2.91,2.11,2.2,3.64,1.9,3.06,4.09,2.31,2.4,2.4,1.8,4.08,2.39,2.56
2.88,3.2,3.81,2.4,2.67,3.34,3.11,4.44,2.73,4.57,2.9,3.66,2.5,2.47,2.45,3.05,2.8,4.85,2.32,2.86
8.6,3.81,6.53,2.7,5.43,5.45,3.72,7.67,4.75,6.42,6.6,4.63,7.8,4.08,5.71,4.21,5.8,11.7,4.29,4.61
1.55,1.33,2.64,1.8,3.63,1.48,1.93,2.03,2.4,4.48,2.5,2.62,2.4,1.34,1.79,1.56,1.2,5.44,1.62,2.2
3.43,2.2,3.36,2.6,3.44,2.93,2.49,3.5,2.39,3.74,3.8,3.69,2.1,2.21,2.49,1.61,3.0,4.29,1.75,3.4
5.51,2.34,3.34,2.2,1.81,2.82,2.12,3.34,3.16,3.37,3.4,2.45,3.0,1.03,2.49,1.96,2.1,5.1,1.46,2.33
4.44,2.22,5.72,2.4,3.71,3.38,2.35,3.46,2.64,5.66,3.9,2.0,2.2,1.93,2.97,1.76,4.5,3.9,1.6,2.0
6.72,4.09,5.9,3.0,4.9,4.55,2.88,6.18,3.25,4.05,5.2,4.02,5.7,3.34,4.07,3.83,4.4,6.99,3.64,3.29
7.31,4.5,6.09,2.3,5.63,4.82,3.44,7.25,4.48,5.18,6.1,3.47,6.31,4.52,4.72,3.43,6.1,5.63,3.92,3.94
5.47,2.46,4.24,1.2,3.25,4.0,3.79,3.69,4.18,3.91,3.9,2.59,3.7,3.52,4.4,2.56,4.5,2.01,2.41,2.02
6.06,2.7,6.65,4.5,5.89,4.54,2.9,5.27,2.88,4.34,4.1,2.95,5.1,4.27,4.4,4.38,4.9,3.8,2.97,3.87
7.47,5.07,6.96,4.9,5.16,5.17,4.82,4.79,3.87,5.3,6.6,4.84,5.6,5.24,5.59,3.99,5.9,4.8,3.16,5.51
6.54,3.23,5.04,3.2,3.98,3.8,4.14,5.45,3.46,6.07,5.8,4.82,4.1,3.43,5.45,3.52,4.4,5.98,2.9,3.91
7.43,4.02,7.8,5.4,7.23,6.18,3.83,6.36,3.48,7.94,5.2,3.46,5.8,6.4,4.78,4.55,7.4,5.99,4.1,4.58
6.67,4.19,6.62,3.1,5.05,4.56,3.52,3.99,3.7,4.13,5.7,4.7,4.4,4.45,3.64,3.3,5.93,4.88,3.14,2.53
2.97,0.92,3.88,0.4,2.66,3.01,1.46,3.7,3.21,3.33,2.1,1.15,2.6,2.37,2.23,2.05,3.5,3.35,1.64,1.9
3.27,1.2,3.16,1.3,1.75,2.76,1.59,3.38,2.81,1.9,3.2,3.0,2.5,1.61,2.14,1.19,2.9,1.0,1.02,2.29
2.99,0.72,0.95,0.8,2.01,1.6,1.69,2.32,1.65,2.84,2.2,1.35,2.3,1.55,1.62,0.9,3.3,3.19,1.54,1.26
1.87,0.53,1.6,1.2,2.31,1.54,1.0,1.44,1.82,2.96,2.4,1.27,1.1,1.49,0.66,0.97,1.7,1.89,1.48,1.08
3.31,0.59,1.47,1.9,0.97,1.48,0.84,0.52,1.23,1.83,1.4,1.28,2.2,1.23,1.58,0.7,1.3,2.98,1.42,0.55
5.86,4.61,6.59,3.2,3.33,3.38,3.46,5.3,2.84,3.59,6.7,4.92,4.7,2.72,3.83,3.9,2.6,5.44,4.2,5.0
3.28,3.18,2.96,1.4,3.9,2.42,2.27,3.08,2.66,3.52,2.5,2.55,2.7,1.93,1.04,1.14,2.4,4.68,2.1,2.19
6.19,3.16,4.66,1.9,4.37,3.65,3.44,5.63,3.37,4.25,5.1,4.54,5.0,3.54,3.47,2.65,4.5,6.08,3.44,4.07
8.36,8.49,5.69,5.0,5.52,6.49,7.5,5.76,3.43,6.83,7.9,5.2,6.9,3.54,5.94,3.61,4.1,7.56,6.47,6.31
1.23,1.14,3.12,2.3,1.94,1.33,2.03,3.17,1.78,2.04,1.7,2.65,1.8,2.46,1.64,1.54,2.7,2.42,1.16,2.57
5.84,3.39,5.38,2.6,3.58,3.67,3.91,5.61,3.33,5.46,5.4,5.09,5.0,3.79,5.04,3.71,3.3,6.53,3.17,4.33
5.53,3.21,3.44,1.79,3.08,4.22,3.16,4.3,3.57,4.35,4.6,3.22,4.6,2.92,2.77,1.94,3.9,7.24,2.89,3.6
5.3,3.95,5.92,4.0,4.05,3.73,3.75,4.34,2.74,4.94,4.7,4.04,4.5,4.21,3.3,3.15,4.89,4.64,2.87,3.16
4.31,3.04,3.28,2.1,1.91,2.66,2.94,2.94,2.0,2.32,4.6,2.85,2.8,1.12,2.98,2.6,1.4,3.09,1.29,3.16
4.19,1.23,3.61,1.4,3.16,3.44,1.57,3.72,2.53,2.76,4.2,2.78,5.1,2.9,2.82,2.42,3.8,4.46,2.37,3.13
3.7,3.16,6.16,5.2,4.26,3.3,3.86,4.38,2.37,2.94,4.4,3.91,4.2,3.02,3.3,3.93,4.3,2.45,3.59,2.84
4.92,3.85,5.76,3.28,2.72,3.18,3.87,3.05,3.58,3.31,5.5,3.82,3.1,2.77,3.64,2.57,4.3,2.92,2.33,3.94
6.48,3.01,3.82,1.9,3.73,4.23,3.98,5.49,3.59,4.38,5.3,3.73,5.9,3.66,3.98,2.8,4.4,6.58,3.04,4.25
4.42,1.74,4.6,2.9,4.56,3.5,1.73,2.82,1.67,4.78,3.8,2.28,3.7,3.29,2.62,2.43,3.0,3.44,1.71,2.69
5.2,3.85,6.63,4.7,6.51,4.85,4.0,4.96,2.69,4.23,4.7,4.22,4.5,4.67,3.7,3.69,6.0,3.33,2.93,4.31
6.7,4.22,6.94,5.6,6.66,5.15,4.33,4.77,2.86,4.35,4.7,4.22,5.0,4.63,4.36,4.12,4.9,4.02,2.88,4.22
4.06,3.62,4.91,2.9,2.66,2.74,4.31,4.82,2.6,3.55,5.5,5.19,4.0,2.79,4.43,2.69,2.8,3.32,2.23,4.07
5.67,4.56,4.61,3.6,4.07,5.09,3.89,4.17,3.49,5.37,4.0,3.45,3.8,2.9,4.93,2.43,3.5,5.59,3.46,3.35
8.01,6.75,5.82,4.8,4.55,4.7,5.01,3.59,3.14,6.5,7.1,5.15,6.6,3.45,6.17,3.99,3.8,7.98,5.25,5.06
3.95,3.75,4.41,3.0,3.65,2.56,4.02,4.01,3.83,3.61,5.6,3.81,4.2,2.69,1.66,2.63,4.0,3.39,2.96,4.0
2.3,1.06,3.79,1.2,3.64,2.77,1.5,3.4,1.54,4.4,1.9,1.67,1.5,2.47,2.14,2.11,3.4,2.09,1.36,1.87
3.51,1.69,3.45,0.8,2.4,1.68,2.08,3.1,1.89,3.25,2.1,1.94,3.5,2.13,1.93,2.05,2.8,2.5,1.44,1.71
3.85,1.92,4.41,1.3,4.29,3.53,2.69,4.28,1.66,3.6,2.9,3.17,3.3,3.54,2.49,2.96,3.8,2.63,2.74,3.28
3.59,1.49,3.37,1.7,2.4,1.94,1.64,2.39,0.9,1.8,1.78,2.34,2.4,1.54,2.66,1.51,2.7,2.2,1.57,2.05
3.35,1.95,3.7,1.9,2.94,2.28,1.92,3.05,2.32,3.3,2.0,1.92,2.9,2.74,2.18,2.33,3.2,2.94,1.75,1.53
5.44,3.14,5.49,3.1,6.79,5.77,4.1,5.79,2.95,5.19,4.9,2.99,4.3,4.98,3.6,3.41,4.5,4.6,1.83,4.27
8.96,4.95,11.03,5.7,8.8,8.27,5.07,7.7,4.09,10.53,6.5,4.79,6.5,6.69,6.36,5.61,9.6,7.38,3.85,5.44
6.57,4.21,6.55,5.3,6.19,4.27,3.54,5.5,3.11,4.45,3.4,4.08,5.4,4.56,4.05,4.29,5.8,3.45,4.17,4.53
2.61,1.74,3.35,2.0,2.5,2.49,1.81,3.14,0.94,3.2,2.8,3.78,1.7,2.25,2.07,2.07,1.7,1.86,2.69,2.29
3.7,1.86,4.05,1.8,3.31,3.33,3.19,3.4,1.63,2.64,1.4,4.14,2.9,2.23,1.75,2.68,3.2,2.03,2.76,2.33
0.6,1.77,1.37,2.0,0.65,0.74,1.67,1.06,1.24,1.29,1.2,2.0,1.1,1.18,0.8,0.37,0.6,1.25,1.48,0.92
3.17,1.94,1.63,0.7,0.94,1.5,2.24,1.24,1.1,1.17,2.6,1.95,2.8,0.25,0.89,0.76,1.2,1.29,1.19,1.75
4.33,2.12,4.62,2.5,3.53,3.84,1.59,4.74,3.7,4.56,3.8,3.97,3.4,2.72,2.84,2.02,5.3,3.48,2.17,3.51
5.24,2.47,4.62,1.9,3.71,5.02,2.35,4.93,4.13,4.49,3.9,4.14,4.6,2.31,3.44,2.85,4.6,3.12,2.14,3.07
9.75,4.92,9.57,3.5,7.27,6.84,4.89,9.8,4.96,6.75,9.2,4.24,6.1,5.63,6.39,4.88,8.8,7.03,3.85,5.66
8.76,6.39,7.19,3.8,4.39,6.11,4.41,7.38,4.64,5.85,7.7,6.86,7.4,4.17,5.27,5.44,4.6,7.46,5.7,5.49
5.42,2.72,2.97,2.2,1.36,2.14,2.49,1.8,2.06,2.49,3.1,2.2,3.5,1.25,2.3,1.49,2.6,4.25,1.43,1.04
3.81,1.87,2.78,1.26,2.1,1.95,0.42,3.01,2.84,4.0,3.38,2.69,3.29,2.33,2.62,1.98,3.4,4.78,2.3,2.93
5.15,3.49,6.91,4.6,5.56,4.56,3.7,7.05,2.48,4.36,5.3,4.47,4.1,5.41,3.82,4.25,6.1,5.11,3.31,4.35
0.68,1.62,3.87,3.1,2.31,3.75,2.14,4.02,2.63,1.81,2.4,3.29,1.5,2.09,0.68,2.76,2.3,2.18,2.29,1.6
5.29,2.94,7.22,4.0,7.49,4.95,4.38,6.01,5.26,6.14,6.3,3.27,1.6,5.35,4.22,4.52,3.9,7.05,5.25,2.23
1.74,2.37,2.31,1.9,2.55,2.02,2.35,3.0,1.05,3.35,1.7,2.49,1.4,2.36,1.47,1.34,3.4,3.01,1.18,1.72
6.03,4.26,6.29,4.3,3.01,4.65,4.63,5.15,2.78,3.4,6.3,4.58,4.3,2.86,3.61,3.06,3.8,5.33,2.91,4.2
2.73,0.07,2.16,1.0,1.71,1.77,0.54,1.81,2.21,4.11,1.8,1.38,1.9,2.22,2.36,0.81,2.9,2.37,0.93,0.63
2.45,0.51,1.36,1.3,1.84,2.15,1.47,1.54,0.95,2.86,1.5,0.56,2.1,1.07,1.53,1.57,2.5,0.69,1.85,1.59
6.5,2.82,3.25,4.2,6.91,2.65,3.98,2.7,4.93,5.21,4.2,4.72,4.5,6.12,4.41,3.31,5.5,6.6,4.75,4.73
7.1,3.57,5.93,3.6,5.09,3.32,4.12,3.78,6.05,4.73,5.4,3.59,4.7,4.75,3.59,2.54,4.9,10.14,4.07,3.3
2.06,1.26,2.73,2.2,2.13,2.3,2.12,3.15,2.56,2.07,3.1,3.27,1.8,1.86,2.44,1.65,1.9,2.8,2.27,2.44
6.12,3.89,6.11,3.4,4.12,4.09,4.06,7.72,3.47,3.91,5.4,6.43,5.5,3.36,5.44,4.48,2.7,3.91,4.73,4.74
2.09,2.23,2.08,0.7,1.97,2.16,2.33,2.8,2.95,4.44,1.5,1.71,3.4,1.75,2.51,0.28,3.9,4.71,1.8,2.54
2.16,0.46,2.01,1.9,0.48,0.92,0.74,1.61,1.19,2.19,1.2,1.78,0.9,0.45,1.48,0.82,1.0,2.32,2.0,0.84
3.07,1.14,2.33,1.8,0.92,1.22,0.62,1.76,2.63,1.89,1.8,2.82,2.0,0.44,3.77,1.65,1.2,1.89,1.66,1.43
3.16,0.82,3.33,1.2,2.95,2.96,0.73,3.47,2.07,3.52,1.3,0.82,1.3,2.26,1.98,1.15,2.8,2.79,0.95,1.06
6.24,3.43,6.65,4.0,5.96,4.72,4.03,5.8,3.79,5.81,5.1,3.09,4.4,4.49,4.32,3.85,5.5,4.98,2.21,4.1
4.37,1.96,3.03,1.7,2.58,3.28,1.92,3.02,3.2,3.13,4.8,1.84,4.1,2.47,2.86,2.27,4.4,3.51,1.22,2.24
1.58,1.5,2.19,1.3,1.69,1.35,1.78,2.2,0.39,2.16,0.9,1.21,1.6,1.06,1.74,1.91,0.5,2.06,1.34,1.91
2.95,1.4,3.17,0.7,1.96,1.89,0.71,2.22,1.5,3.82,3.0,1.46,2.19,1.4,2.58,2.19,2.6,2.62,2.02,1.29
3.8,2.3,5.14,2.8,4.02,3.48,1.92,3.6,2.11,2.66,3.0,2.26,3.0,2.66,2.65,3.11,3.5,3.6,2.16,1.92
2.05,1.02,3.28,1.27,2.13,1.03,0.91,1.96,1.91,2.22,1.4,0.96,1.7,1.71,1.07,0.86,2.3,4.65,1.23,0.08
1.85,2.45,4.65,2.3,3.9,2.5,2.44,2.23,1.82,2.61,3.3,3.11,2.7,1.96,1.95,2.2,1.4,4.21,3.7,2.58
1.98,2.26,2.46,1.2,1.53,1.37,2.01,0.47,2.34,0.46,1.6,2.3,1.1,1.48,2.7,0.36,2.6,2.72,0.89,0.95
2.66,1.09,0.36,0.9,1.53,1.43,2.19,1.91,3.24,2.57,1.5,0.97,1.3,2.18,1.93,1.52,2.2,2.01,1.14,1.49
1.53,0.57,1.63,0.7,0.66,1.81,0.88,1.31,2.16,2.41,1.2,0.75,1.0,1.52,2.45,0.88,0.7,1.69,1.33,0.0
0.68,0.0,0.46,0.62,0.14,1.2,0.32,2.11,1.62,2.36,0.8,0.87,0.3,0.77,1.76,1.12,0.6,2.0,0.63,0.1
5.84,0.75,1.4,0.7,3.6,2.07,0.33,0.93,4.09,4.09,2.0,0.79,1.7,3.2,2.86,1.61,5.6,7.04,1.01,0.11
3.41,2.15,2.99,4.0,2.95,1.42,3.19,2.93,4.16,3.33,1.8,2.54,2.79,4.33,3.08,2.22,3.8,3.91,3.08,2.95
2.7,2.76,3.16,3.1,3.8,2.91,3.57,3.82,3.41,3.09,1.7,3.87,2.55,4.19,1.55,2.2,4.2,4.27,3.16,2.08
0.87,2.82,3.13,1.4,3.67,3.81,2.84,4.09,2.57,2.03,2.1,3.52,1.4,2.67,2.88,3.32,3.2,1.98,3.12,3.77
8.37,3.43,5.77,1.4,3.9,5.27,5.84,5.62,5.16,4.74,4.4,4.67,5.7,3.43,4.76,4.07,5.9,5.14,3.69,4.7
7.11,3.35,6.18,4.2,4.64,3.15,3.85,5.78,4.55,4.44,4.2,5.34,5.1,4.68,5.04,3.54,4.7,4.89,4.26,4.09
,,,,,,,,,,,,,,,,,,,
,,,,,,,,,,,,,,,,,,,
,,,,,,,,,,,,,,,,,,,
5.85,4.26,4.54,3.4,4.62,2.37,4.59,4.78,4.54,3.0,4.5,5.72,5.5,3.6,3.72,3.91,5.1,4.14,3.98,4.37
4.16,2.33,4.48,1.4,3.52,2.85,3.18,3.94,2.49,3.49,2.6,4.28,3.9,3.51,2.71,2.95,3.5,2.96,2.74,4.13
3.24,2.26,3.57,3.4,2.89,1.86,3.17,3.61,1.76,2.38,1.5,4.62,1.3,1.85,2.1,3.11,1.2,1.68,3.64,2.06
1.79,3.12,4.14,5.2,3.92,3.0,4.36,3.4,2.57,2.38,1.1,4.08,2.7,2.29,2.9,2.68,1.2,0.89,3.76,3.82
3.74,1.58,2.12,1.1,1.81,1.51,0.74,1.33,1.71,3.56,1.5,0.97,1.5,1.71,2.29,1.54,3.4,2.17,1.66,0.85
4.41,3.57,3.96,4.8,3.51,2.26,3.17,2.37,2.26,3.12,2.9,3.78,3.5,1.96,2.37,3.23,3.9,2.54,2.44,3.04
4.01,3.04,5.32,1.1,2.63,4.14,3.34,4.44,2.42,4.07,4.3,4.08,3.2,3.9,3.0,2.68,3.7,3.54,2.62,3.1
5.37,3.99,6.42,4.3,4.64,3.48,3.2,4.04,2.48,3.74,3.3,3.4,4.53,3.1,3.65,3.84,4.7,3.51,2.75,4.17
4.42,2.82,4.27,2.9,3.85,3.45,3.01,3.3,2.01,5.2,3.7,2.53,3.2,3.18,2.83,2.78,3.5,3.64,2.45,2.76
2.72,1.82,1.36,1.5,1.97,1.85,1.41,1.64,1.73,2.45,2.2,1.97,2.2,1.84,1.22,0.91,3.1,2.9,1.65,1.89
2.59,2.87,5.25,4.2,4.25,3.25,2.81,3.78,2.83,4.72,3.7,2.83,2.9,3.87,3.18,3.2,4.2,2.9,2.22,3.07
4.86,3.4,4.7,3.7,3.6,3.12,3.11,4.15,2.34,5.18,3.8,3.17,4.8,3.9,3.41,3.24,5.8,4.76,2.38,3.02
7.6,4.58,7.48,4.6,5.44,4.7,4.85,4.99,1.98,4.13,5.2,4.65,4.4,4.35,4.3,3.6,4.6,3.93,3.13,3.44
5.61,3.6,5.68,3.7,4.46,4.71,3.26,5.4,4.71,5.77,5.2,4.75,4.0,5.04,5.4,3.6,3.8,9.28,5.3,2.84
5.73,3.87,5.24,3.5,6.6,3.98,4.32,4.7,4.24,4.56,4.8,3.67,3.3,4.7,2.76,3.23,4.5,6.4,3.77,3.34
5.52,3.18,4.82,3.6,7.12,3.87,4.18,4.87,5.26,4.69,4.0,3.91,4.6,5.14,3.81,3.37,5.5,6.07,3.99,4.44
4.52,3.81,4.98,4.5,6.07,2.29,3.95,6.22,3.91,4.08,3.7,5.12,4.2,4.59,3.48,3.74,4.4,4.56,4.45,4.47
5.04,5.58,4.95,3.2,5.27,3.8,5.83,5.1,5.39,4.41,7.4,6.07,6.6,3.65,3.11,3.59,6.0,3.83,5.26,5.52
4.61,3.92,7.36,4.5,6.99,5.46,4.72,9.05,6.96,7.02,8.2,6.53,8.1,4.71,4.63,5.13,7.0,6.5,3.86,4.59
2.41,2.29,3.73,3.2,2.97,1.99,3.01,3.98,3.16,5.46,2.7,4.59,2.6,2.75,1.24,2.95,3.07,7.87,2.81,3.14
3.4,3.61,5.48,3.8,3.95,3.61,2.96,3.6,2.02,2.24,3.0,3.9,2.3,3.21,3.28,3.38,1.5,3.26,3.4,2.45
5.24,2.8,4.77,2.7,4.8,3.44,3.62,4.74,5.17,5.15,4.4,5.87,4.6,3.51,3.3,3.39,5.2,4.03,4.27,3.73
3.82,4.72,5.27,2.8,4.76,3.17,4.19,4.63,3.72,2.23,4.4,3.56,5.5,4.05,3.4,3.6,3.3,3.85,4.47,2.94
5.35,2.68,2.42,1.9,3.66,3.01,2.57,3.21,3.52,4.22,3.2,1.84,3.7,2.91,2.21,1.54,3.8,4.73,2.23,3.06
4.37,3.03,5.14,2.2,6.1,4.65,4.36,6.38,5.84,4.13,5.0,6.49,4.8,3.57,3.49,4.72,4.7,6.13,4.23,4.77
4.44,3.09,4.47,2.8,4.73,4.33,2.72,4.32,3.9,3.69,4.0,3.95,3.1,4.08,1.65,2.41,2.9,7.8,2.55,3.07
3.43,1.89,3.24,3.1,3.95,3.51,2.54,2.91,2.96,3.44,2.4,2.72,2.1,3.5,3.26,2.03,2.1,4.28,2.34,2.1
2.89,1.93,2.17,1.5,1.55,2.12,1.68,1.81,2.52,2.96,1.7,2.51,1.5,1.61,2.56,1.62,2.0,1.63,1.36,1.81
4.48,1.95,5.88,4.7,6.88,4.81,2.42,5.66,3.72,5.5,3.7,3.79,3.3,4.85,3.26,4.2,5.9,5.26,3.26,3.71
4.76,2.58,4.7,2.8,4.7,3.39,2.86,4.26,2.83,3.68,2.9,2.79,4.4,3.41,3.27,3.47,3.4,3.69,2.46,2.74
2.41,0.6,2.33,1.61,1.54,1.93,1.57,1.54,1.72,1.6,1.5,1.14,2.9,1.24,1.35,1.12,1.8,0.99,1.4,0.52
7.44,4.42,7.11,1.8,6.58,6.73,5.97,6.62,4.29,4.39,4.2,6.06,6.4,5.46,5.22,5.44,5.9,5.18,4.51,4.47
3.91,1.14,6.45,3.1,5.83,3.92,0.91,5.1,4.07,8.02,2.0,3.58,1.5,5.47,2.26,2.56,4.5,10.42,2.12,1.29
3.84,5.98,3.64,2.9,2.77,2.43,6.74,4.07,2.64,3.34,4.8,6.03,5.6,2.74,2.84,3.08,3.24,2.89,3.48,4.52
4.03,2.4,3.1,1.9,4.25,3.27,2.55,3.2,1.71,4.84,3.3,1.9,3.3,2.75,2.55,2.03,4.4,3.03,1.77,2.08
5.53,2.4,5.65,1.9,4.56,4.34,2.76,4.77,2.72,4.85,5.2,2.28,3.1,4.2,4.09,2.15,5.0,3.14,2.32,2.1
6.62,5.06,7.75,5.2,6.57,6.06,5.84,10.12,4.88,8.25,8.6,6.79,6.2,6.71,5.8,6.97,6.3,9.97,5.41,7.4
2.33,4.14,2.53,3.4,1.28,1.38,3.15,1.71,2.42,3.08,3.7,3.3,2.9,1.62,1.72,2.5,2.1,3.56,3.41,3.15
6.32,3.29,4.76,3.6,3.9,3.63,3.71,4.93,3.16,5.72,4.2,5.22,4.3,3.14,2.96,3.36,4.3,6.68,3.63,3.51
5.28,4.47,5.98,5.0,4.2,3.76,3.98,3.82,2.11,2.68,4.1,6.61,3.9,2.78,3.11,3.33,3.3,2.79,3.17,3.4
7.85,3.84,5.85,4.2,7.39,2.79,4.19,4.24,4.89,4.97,3.6,4.04,6.3,5.56,4.03,3.4,6.3,6.34,4.23,4.1
6.84,3.93,6.99,2.3,6.39,5.07,6.53,6.9,4.41,4.81,4.2,6.77,6.5,5.13,4.39,5.22,6.62,4.83,4.85,5.43
6.03,2.74,6.84,3.0,6.0,4.62,3.81,5.58,2.54,6.02,3.6,4.6,5.5,5.37,3.74,4.54,5.2,5.1,3.93,4.25
5.83,2.51,6.5,4.8,7.21,4.5,3.58,5.93,2.93,6.1,3.6,3.41,4.4,5.16,3.71,4.18,5.4,5.67,3.32,4.29
5.03,2.99,5.2,5.4,5.26,4.06,3.22,5.09,2.86,3.76,4.4,4.01,4.1,3.31,3.73,4.27,5.0,3.33,3.41,4.22
3.58,2.37,3.14,2.01,4.84,2.27,1.56,3.63,3.34,4.6,3.1,2.47,3.3,4.15,1.83,2.35,4.4,4.34,2.53,2.8
5.41,2.68,3.76,3.2,3.56,2.77,2.92,3.38,1.53,2.08,1.2,3.77,3.5,2.01,2.52,2.66,2.5,1.28,2.41,2.65
3.38,0.37,6.6,1.3,5.64,4.56,1.33,5.54,2.89,2.61,6.0,3.81,3.6,4.0,4.13,3.1,2.4,2.13,2.34,0.89
4.9,6.14,7.39,5.32,7.49,6.34,5.3,6.2,4.9,3.28,6.2,5.8,4.9,5.1,5.6,4.22,5.0,2.65,6.79,4.17
4.49,4.01,11.17,4.9,7.98,5.3,3.89,8.59,6.42,3.51,5.2,4.06,4.8,7.86,3.82,4.72,5.7,4.11,5.98,4.04
5.58,4.01,5.16,3.7,5.41,3.8,3.51,6.12,5.52,3.95,5.1,4.04,5.4,4.38,3.75,2.99,5.0,6.55,3.31,3.97
4.78,10.58,10.71,7.0,8.76,6.98,8.98,8.53,6.35,3.4,8.6,8.33,7.6,6.64,2.3,5.97,6.0,3.51,9.86,6.91
4.07,5.06,6.0,5.2,6.72,5.58,4.33,4.41,5.86,2.9,7.3,5.59,5.8,6.96,2.27,5.99,4.7,4.75,6.84,4.97
2.45,1.97,3.5,2.0,4.43,3.46,1.75,3.38,3.99,4.82,1.5,2.12,1.8,3.08,2.02,1.94,4.2,2.41,1.72,1.19
4.09,4.08,7.21,3.8,5.92,4.81,3.87,7.99,5.44,5.38,4.8,4.15,5.0,3.93,2.53,3.53,4.9,5.98,3.32,4.05
5.23,3.23,6.56,4.3,5.25,5.12,4.76,7.25,5.28,4.22,5.5,6.63,5.5,4.8,3.12,4.55,3.9,5.8,3.42,5.07
4.34,3.66,8.17,5.4,6.51,6.49,6.34,10.1,6.5,5.31,6.9,6.05,5.5,4.65,3.91,4.61,6.0,5.72,4.54,5.15
4.48,2.93,5.23,3.4,5.28,3.75,3.07,7.11,5.2,3.97,3.3,5.26,4.3,3.65,3.54,3.53,4.89,5.07,2.51,2.37
5.14,3.16,3.82,2.6,1.48,0.99,2.46,1.55,2.49,2.04,5.1,5.16,4.2,1.75,1.44,2.45,2.0,3.19,2.3,3.35
2.99,3.13,3.34,3.6,2.53,2.15,3.23,2.94,2.35,2.4,4.8,3.27,4.0,1.97,3.13,3.19,1.6,1.81,2.55,3.76
4.87,2.63,1.77,1.1,2.53,2.92,2.98,1.58,2.75,3.54,3.2,1.6,4.3,3.76,3.46,1.11,4.3,5.2,1.73,2.38
,,,,,,,,,,,,,,,,,,,
4.46,3.16,6.18,4.0,5.67,4.75,2.86,6.08,5.93,3.27,7.1,5.23,6.0,3.76,2.93,3.87,4.5,7.07,3.43,5.36
4.33,4.94,6.49,4.4,6.4,4.5,5.63,7.11,5.32,4.87,7.3,5.74,6.9,3.78,3.08,4.8,4.6,7.18,4.92,5.65
2.13,2.55,5.83,1.9,4.24,2.08,2.71,4.54,1.8,4.79,3.1,3.34,3.7,4.14,2.24,3.82,3.7,3.81,3.05,3.86
3.43,2.87,3.94,3.2,1.62,2.21,2.52,2.32,2.55,2.68,4.5,3.01,3.0,2.07,1.2,3.29,2.82,2.47,3.3,3.06
3.02,2.84,4.34,4.3,3.36,3.26,2.63,3.57,2.24,3.31,4.6,3.78,4.2,3.31,2.24,3.38,3.1,2.25,4.28,3.14
2.8,1.86,2.76,3.3,2.09,1.78,2.32,2.11,2.5,3.37,1.47,2.96,1.7,2.35,2.24,2.12,1.7,4.39,1.94,1.65
4.22,2.03,1.6,1.8,1.53,1.47,1.48,1.98,2.37,4.11,2.4,1.46,4.14,1.86,1.37,1.24,3.1,3.75,1.36,1.55
2.74,2.71,3.96,2.1,2.91,2.6,2.92,3.52,2.36,2.33,3.1,2.05,3.2,2.49,2.21,2.18,2.7,1.27,2.09,3.33
5.8,4.05,4.85,3.8,3.9,3.33,5.51,4.18,3.11,3.46,3.8,5.13,5.8,3.23,4.39,3.04,4.1,2.65,2.99,3.55
6.31,3.36,5.72,3.2,5.37,4.78,4.21,5.45,2.44,5.3,5.0,4.4,5.3,3.84,4.48,4.5,4.5,4.22,3.18,4.73
5.76,3.18,6.03,2.6,6.45,4.5,2.36,4.93,3.22,5.09,3.7,3.25,4.8,4.36,4.2,3.6,5.8,3.87,2.33,3.87
2.61,1.55,3.44,1.8,3.63,2.79,2.02,3.09,2.93,3.51,2.1,2.37,2.7,2.86,2.67,2.13,3.4,2.35,1.48,1.79
4.51,2.47,4.54,2.2,3.74,2.8,3.62,4.59,2.62,2.86,3.6,4.26,5.3,3.27,3.74,3.2,4.4,2.07,2.99,3.63
2.16,2.59,5.28,4.3,4.94,3.12,2.41,2.95,2.85,2.55,2.9,3.17,1.5,3.95,2.41,3.25,3.65,1.73,2.37,2.93
4.77,2.91,5.55,1.8,1.49,3.54,3.2,3.43,2.45,2.56,3.8,4.02,4.0,0.92,2.18,3.72,3.9,3.41,3.51,3.36
3.73,1.07,1.11,1.9,1.49,1.87,1.43,1.22,3.06,3.39,1.2,1.51,1.6,1.4,2.37,1.33,1.4,2.96,1.47,1.16
4.04,1.61,2.54,1.4,3.46,1.88,1.6,2.83,3.22,3.0,2.1,3.75,3.6,2.94,2.47,2.35,3.3,6.06,1.59,2.41
3.55,2.03,2.04,1.8,5.57,3.79,1.27,1.44,2.98,4.34,2.5,1.7,2.5,3.47,2.59,1.27,4.5,6.85,1.84,0.83
5.06,4.57,7.27,5.0,5.93,4.7,4.75,6.44,3.81,3.06,3.7,3.96,4.4,5.56,3.04,3.58,4.3,4.94,4.29,4.3
3.03,2.32,4.09,4.0,2.77,3.32,2.43,4.08,2.66,2.25,3.8,3.18,2.0,2.76,1.55,2.5,3.0,4.6,2.74,3.05
3.77,1.25,2.55,2.6,3.07,1.8,1.93,1.46,2.65,2.0,2.3,3.84,2.5,2.56,2.39,2.7,2.4,1.48,2.78,2.65
4.39,3.27,2.9,1.3,3.07,2.6,2.71,1.52,2.02,3.59,4.1,2.93,4.4,1.71,3.45,2.75,3.3,3.27,2.57,3.52
3.87,1.61,1.95,1.8,2.92,2.58,1.07,1.81,1.49,1.62,1.3,0.66,1.7,3.87,2.96,1.49,1.4,1.74,1.01,0.88
4.49,2.48,4.5,2.6,3.82,4.04,2.77,4.12,5.42,2.51,3.0,2.19,3.5,4.25,3.04,2.03,3.6,4.57,1.81,2.32
4.38,2.08,3.16,1.8,3.37,3.59,2.62,3.21,3.64,3.33,2.2,3.29,3.5,2.47,1.61,2.85,3.3,3.78,2.86,2.34
3.39,2.33,3.16,2.5,3.41,2.62,2.0,2.61,2.62,2.59,1.8,2.74,2.2,3.15,2.69,2.71,2.9,2.92,1.94,2.08
3.68,2.07,1.32,1.9,1.56,3.36,1.29,1.09,2.98,3.89,2.1,2.5,2.6,1.94,2.36,1.17,3.5,4.83,1.74,1.68
5.43,2.87,3.16,1.7,3.11,2.73,3.83,2.86,2.84,3.02,3.1,3.59,4.9,2.39,3.31,2.63,3.3,1.99,2.92,2.37
3.15,1.79,2.04,1.61,2.08,1.61,2.15,1.93,2.54,2.94,2.4,1.67,3.02,2.02,1.81,1.21,2.1,3.21,1.03,2.03
2.85,3.48,2.57,2.8,2.09,3.11,3.23,2.35,2.39,1.97,5.0,4.36,3.8,1.71,3.41,2.47,1.91,1.76,3.88,3.53
5.07,2.72,3.68,3.5,3.03,2.48,3.15,2.95,3.57,3.69,3.1,4.22,4.0,2.63,3.6,2.73,4.6,7.1,2.67,2.57
3.79,2.12,2.65,1.9,3.62,2.11,2.13,2.56,3.84,1.86,2.1,1.8,2.7,2.57,2.1,1.94,3.0,1.86,1.81,1.99
2.46,1.88,1.56,2.0,1.94,2.87,2.46,1.64,2.51,1.94,3.4,1.92,2.6,1.87,2.14,1.74,1.6,1.44,1.77,2.56
3.0,4.3,3.85,4.0,2.27,3.7,2.29,3.94,1.95,3.43,5.0,4.03,3.8,2.28,3.11,3.99,1.7,1.35,4.74,3.1
3.55,3.57,8.05,5.3,9.04,6.56,5.5,10.15,5.64,4.83,7.9,7.69,5.7,5.66,2.82,4.76,5.7,6.71,4.31,6.11
7.08,5.41,6.99,5.3,8.17,7.55,3.55,6.56,4.86,5.4,9.4,4.23,5.9,7.29,4.3,4.91,6.0,9.49,6.94,4.94
5.21,4.37,6.05,3.6,4.68,5.12,2.71,3.79,4.51,4.15,5.4,3.65,4.7,4.69,3.03,3.28,4.0,2.82,4.17,4.32
3.77,3.73,2.87,2.6,2.28,2.55,3.32,2.69,3.23,3.09,6.1,4.38,4.5,1.8,2.46,2.51,2.5,3.24,3.46,3.73
5.04,2.97,3.5,4.2,4.49,4.05,1.43,3.23,4.65,3.03,2.9,1.93,2.9,3.16,4.17,3.28,3.3,7.45,4.44,2.14
2.8,2.38,2.53,1.6,3.09,2.86,1.64,3.18,2.7,3.29,3.2,1.43,3.2,3.01,2.74,1.58,2.5,3.31,1.5,1.77
4.24,2.42,2.52,2.4,2.35,2.7,1.86,3.06,3.03,3.73,4.1,2.27,4.0,1.95,1.82,2.35,2.8,4.65,2.44,2.38
5.76,3.69,4.17,3.9,3.85,4.97,3.38,5.76,2.31,3.1,5.5,5.38,4.8,3.01,2.73,4.99,2.7,2.76,3.3,4.53
3.26,2.49,5.27,3.0,4.1,2.72,3.91,4.67,3.15,3.97,4.0,6.36,5.29,2.07,1.66,2.54,3.3,2.11,2.8,2.97
4.16,1.66,1.93,2.4,2.47,3.7,1.8,2.25,3.38,2.88,3.8,1.74,2.9,1.62,3.08,1.87,2.3,5.28,2.11,2.41
2.99,2.3,1.55,1.8,1.5,2.63,2.64,1.59,3.04,2.4,2.1,0.86,1.9,1.48,2.01,1.33,1.8,3.67,1.73,2.3
3.51,2.62,1.83,2.1,2.27,2.3,2.11,1.52,2.44,3.76,3.2,2.44,3.8,2.04,2.36,2.24,2.8,6.51,1.95,2.86
4.43,2.16,1.68,1.4,3.08,4.15,1.98,2.54,3.75,2.57,1.9,2.71,1.7,1.52,4.09,3.45,1.3,2.35,1.8,1.96
3.62,1.46,1.6,1.4,3.0,1.72,0.86,1.68,3.17,4.63,1.7,0.87,2.8,2.27,3.05,1.33,4.1,2.3,1.27,1.53
3.79,2.16,3.68,2.1,2.94,3.64,1.91,4.53,3.73,4.49,4.1,2.64,3.1,3.75,1.77,1.94,3.5,3.25,1.99,2.73
6.03,3.3,7.4,3.8,4.96,5.07,4.56,7.56,4.59,6.33,5.6,5.69,5.8,4.73,4.35,4.67,3.3,7.25,3.52,5.0
5.88,6.32,7.32,5.2,6.25,5.83,5.34,7.9,6.2,5.91,7.5,5.77,7.18,4.53,3.28,3.84,4.6,4.57,5.7,5.38
3.82,1.98,6.87,4.2,4.68,6.22,4.7,8.17,2.69,4.59,5.0,6.57,3.97,4.91,3.5,5.17,3.3,5.87,4.4,4.9
7.36,5.01,5.94,3.6,6.47,6.06,5.95,10.26,7.09,8.02,6.8,7.06,9.0,5.32,7.45,5.1,5.2,7.13,4.05,5.72
4.05,2.15,4.17,2.2,2.5,3.33,2.15,2.88,3.74,3.74,4.4,2.43,3.0,2.69,1.97,2.48,2.4,2.23,2.3,2.01
4.65,3.2,2.83,3.1,3.5,4.33,2.76,4.23,3.95,3.43,3.5,4.27,2.9,4.24,5.02,2.5,3.3,5.83,3.97,2.82
5.34,3.2,2.72,2.7,2.89,2.63,1.99,3.02,2.42,1.98,3.94,2.11,4.4,1.55,3.29,2.41,2.0,1.86,1.54,3.62
4.11,2.18,3.26,2.2,2.71,1.89,2.05,3.17,3.7,2.88,1.5,2.03,2.2,2.31,2.35,2.98,3.28,6.96,2.08,2.11
3.22,1.54,1.88,2.2,2.07,3.54,1.3,1.51,2.61,2.24,1.2,1.72,2.1,1.72,2.74,1.55,1.4,2.98,1.29,1.24
3.15,1.19,2.3,1.69,1.27,2.91,1.21,1.7,2.84,2.36,1.3,1.58,1.5,1.15,2.59,1.75,1.5,2.75,1.85,1.04
5.07,2.24,7.46,2.3,5.68,6.22,1.17,6.17,5.49,5.73,6.2,2.65,4.0,6.31,5.08,3.72,4.8,9.07,3.59,3.06
6.88,3.86,7.72,4.7,7.79,5.99,4.42,7.58,5.86,4.26,4.8,3.73,4.4,6.78,4.93,4.03,4.6,8.5,4.4,4.44
,,,,,,,,,,,,,,,,,,,
7.44,4.24,6.58,4.6,7.66,4.12,5.83,5.96,5.0,5.2,4.2,3.93,5.0,6.81,4.26,4.27,5.9,9.0,4.38,5.13
4.69,2.35,4.36,1.1,4.38,2.4,2.8,3.98,4.57,4.08,2.9,2.37,4.5,5.47,1.43,2.24,4.3,6.73,2.14,2.93
2.18,2.08,1.76,1.7,3.14,3.36,1.65,3.14,2.94,2.53,1.5,2.82,1.8,4.28,2.01,1.47,2.3,3.02,0.93,1.38
2.59,2.75,3.88,1.9,3.26,2.66,1.88,4.44,1.82,2.62,1.8,3.06,2.5,2.92,2.44,2.06,2.0,1.65,2.72,2.44
3.4,2.4,4.73,4.1,3.67,4.33,2.94,3.98,4.43,2.46,5.2,4.12,3.6,3.41,1.73,3.12,3.8,1.62,4.65,4.69
4.17,4.57,5.17,4.4,5.47,4.89,5.35,5.31,5.45,4.24,5.5,4.62,5.4,3.05,2.09,2.85,4.6,4.1,4.65,4.33
2.96,4.77,5.4,4.1,4.99,5.18,2.76,4.99,4.78,2.95,5.8,4.43,4.8,4.62,2.2,3.51,4.1,2.73,4.99,4.7
3.66,4.69,4.97,3.8,4.52,5.25,2.89,4.05,4.3,2.91,5.0,3.68,4.5,5.75,2.31,3.65,4.7,3.34,4.43,3.53
2.0,2.04,2.62,1.9,2.11,2.59,2.2,2.75,1.62,3.07,1.3,1.85,1.4,2.26,1.54,1.14,0.7,1.66,1.11,2.21
3.59,1.12,1.65,2.0,1.82,2.47,2.28,1.53,2.58,3.24,2.4,2.09,3.5,1.6,2.01,2.14,3.1,7.14,1.2,1.66
3.63,1.55,3.66,1.8,1.3,2.45,1.87,3.35,3.32,3.19,1.9,2.41,2.9,1.92,2.83,2.84,3.4,4.05,1.91,2.03
3.09,1.16,3.75,1.6,4.0,2.68,1.8,3.44,3.15,3.63,2.3,2.63,3.3,3.32,1.95,2.35,4.5,3.81,1.54,1.52
2.78,2.05,2.11,2.2,1.16,1.36,3.65,1.09,1.8,2.38,2.3,2.91,3.5,1.04,2.05,1.0,3.3,2.66,1.35,1.67
3.58,2.04,3.23,1.8,5.69,3.77,3.63,3.75,3.48,2.01,3.0,1.64,4.1,4.05,3.05,1.69,3.4,2.73,1.25,2.94
4.45,3.13,4.16,2.4,4.75,3.6,3.1,4.38,3.43,2.61,2.7,3.78,4.2,4.36,3.05,2.73,4.3,2.28,3.19,3.65
5.62,2.46,4.29,2.7,4.75,2.97,3.43,4.78,2.75,2.79,3.7,4.32,4.9,3.22,3.45,2.94,4.6,4.94,2.75,3.13
7.12,3.41,6.75,2.3,7.06,4.77,6.53,7.1,3.82,3.64,4.7,6.16,7.1,4.24,4.71,4.33,5.4,5.08,4.03,4.22
6.32,4.14,6.01,3.0,5.98,4.88,5.79,6.43,3.93,3.04,4.2,5.0,5.5,3.58,4.4,4.3,5.3,5.21,3.55,4.37
3.94,2.2,3.9,3.2,3.45,2.59,3.44,3.85,1.82,2.82,1.37,3.02,3.4,2.52,2.19,2.35,3.2,5.54,2.95,2.68
3.36,1.88,2.36,1.8,2.27,3.03,2.16,2.49,3.47,2.35,1.9,1.7,2.1,2.43,2.51,1.43,1.9,2.93,1.48,1.68
3.16,2.59,4.55,3.6,4.82,2.81,2.18,4.51,3.43,4.8,5.5,3.34,4.3,3.77,2.36,3.33,4.4,6.56,3.24,2.26
3.34,1.83,2.15,3.4,1.44,2.32,1.67,1.64,3.27,3.11,2.0,2.14,1.6,1.41,1.68,1.35,2.0,3.45,2.02,2.18
3.67,2.79,4.15,2.5,3.29,3.76,2.63,3.36,2.44,3.2,2.5,3.39,2.5,1.88,2.56,1.96,1.8,2.97,3.5,2.9
3.94,1.5,4.55,1.4,2.65,1.67,2.28,1.93,1.95,2.77,2.6,3.06,3.1,2.32,1.45,2.34,2.7,2.89,1.98,2.22
4.04,2.76,3.84,1.6,4.0,3.5,3.64,4.2,2.93,2.86,2.7,3.37,3.1,2.53,3.07,2.32,4.0,4.82,2.65,3.37
2.56,2.12,3.4,2.0,3.17,2.08,3.06,3.56,2.69,3.04,2.2,3.44,2.2,2.9,1.94,1.96,3.8,3.74,2.03,1.98
4.79,2.83,5.25,2.9,4.67,2.63,3.97,5.32,3.15,2.12,3.2,2.32,4.4,3.98,3.23,3.23,4.7,5.94,3.28,3.11
7.44,3.49,5.45,1.7,5.34,4.89,4.81,5.31,3.76,4.15,4.2,4.11,6.7,3.81,4.36,4.07,5.4,4.05,3.08,3.91
5.43,1.05,5.42,1.3,1.99,3.94,3.82,4.34,2.07,2.83,3.2,3.33,4.8,1.88,2.84,3.24,1.5,2.29,2.33,3.5
4.76,2.6,5.29,3.5,3.23,3.82,2.39,4.05,3.26,2.26,3.0,3.16,3.7,1.43,3.47,3.39,2.6,1.97,2.13,3.97
2.21,2.61,3.58,3.2,3.63,3.44,2.27,4.05,2.9,2.15,2.8,3.26,2.0,2.61,2.99,3.33,3.1,2.17,2.01,3.14
3.31,2.24,3.52,3.5,3.27,2.86,2.23,3.05,3.25,3.57,2.7,2.62,2.5,2.7,2.57,3.14,3.7,2.63,2.1,2.82
3.01,1.62,2.61,1.91,2.23,2.28,1.79,2.36,2.86,2.29,1.9,1.91,2.1,1.21,2.05,1.33,1.9,1.22,1.6,1.47
3.48,0.9,3.83,2.3,2.96,3.95,1.25,3.19,2.54,2.87,4.0,3.35,4.4,2.79,2.11,2.65,3.6,2.21,2.77,1.91
4.93,2.76,3.32,2.8,3.75,2.57,2.23,3.93,3.8,4.33,3.9,3.24,5.1,3.08,2.65,2.22,3.2,3.33,2.49,2.66
3.7,4.77,6.48,3.0,6.13,4.51,4.81,5.57,3.65,2.9,2.4,5.1,4.28,2.9,2.44,3.24,4.0,2.82,3.51,4.27
3.07,3.16,1.56,3.1,4.91,2.88,2.24,4.27,4.76,5.24,3.4,3.9,4.5,3.47,2.87,2.48,5.3,4.19,2.33,2.47
3.64,3.45,2.38,2.0,3.98,1.78,2.58,1.46,2.49,3.72,3.2,2.82,3.6,2.88,1.85,1.49,1.8,3.55,2.05,3.14
3.17,1.48,2.16,2.1,2.38,2.18,1.07,2.02,2.3,3.73,1.9,1.39,2.9,1.82,1.7,1.97,2.6,3.98,1.26,0.15
5.61,3.16,6.62,2.6,6.25,4.04,2.72,6.9,4.27,5.63,4.6,3.49,5.7,4.54,3.67,3.36,7.1,4.31,2.04,2.48
7.43,4.82,9.67,4.8,9.12,7.4,4.51,10.49,3.56,4.74,7.9,5.69,8.1,4.17,5.67,5.91,3.2,4.39,4.36,5.22
3.6,1.76,2.37,1.0,1.65,2.14,2.59,2.0,1.82,3.05,4.1,2.59,4.0,1.09,1.97,2.13,1.8,2.86,1.23,1.97
6.72,3.98,8.49,4.9,4.23,6.01,4.64,7.2,5.66,9.87,7.7,7.14,5.6,4.27,6.27,5.49,4.7,7.28,4.34,5.31
3.44,4.45,4.32,2.7,3.67,3.41,4.03,4.15,2.77,2.96,3.4,6.25,3.9,2.87,2.59,2.86,2.5,2.45,3.4,2.18
2.83,1.81,3.28,2.3,3.75,3.14,1.83,3.17,3.2,3.53,2.4,2.04,2.36,2.82,2.28,2.87,4.4,2.12,1.51,2.41
2.01,3.13,3.48,2.4,3.06,3.28,3.43,3.66,2.53,3.76,5.1,5.24,1.52,2.73,2.99,2.97,2.1,3.19,2.27,3.45
2.88,0.67,1.89,1.1,1.93,1.35,1.96,1.09,1.66,2.52,1.8,1.19,1.7,1.65,1.82,1.99,0.9,1.46,1.1,0.82
3.37,1.81,3.32,1.48,2.55,2.8,1.67,2.77,2.54,3.2,2.6,1.82,3.3,2.23,2.11,2.59,3.7,3.64,1.73,2.11
4.28,1.84,3.26,1.9,3.86,3.33,2.02,3.43,3.21,3.15,3.5,1.85,4.1,2.31,2.16,1.81,3.6,2.69,1.36,2.35
5.2,3.04,4.87,3.1,4.71,4.18,4.04,6.19,4.1,5.88,4.7,5.03,4.9,3.74,5.16,3.26,3.4,4.79,2.7,3.94
5.03,3.32,4.9,2.6,4.73,3.46,2.19,5.27,3.23,2.84,4.6,3.53,4.4,2.59,2.94,2.33,3.7,4.97,1.7,2.74
4.83,5.11,7.07,3.3,6.26,6.2,3.55,5.89,4.46,4.48,5.6,3.82,6.0,5.19,4.61,4.3,3.51,6.3,3.43,3.96
2.99,3.57,3.88,2.6,3.8,2.52,2.25,3.26,2.05,3.29,4.3,3.18,3.6,2.48,2.23,2.12,2.3,3.77,2.03,3.03
6.85,3.18,4.9,3.3,4.12,3.88,3.56,5.07,4.38,4.44,4.9,4.62,5.2,3.19,3.59,3.43,4.2,7.25,2.84,3.74
5.25,4.24,7.51,4.5,6.3,5.08,4.49,7.41,2.67,3.15,5.5,3.38,3.6,3.62,4.15,5.54,5.3,2.54,2.97,4.68
2.95,2.09,3.85,2.5,3.5,2.88,1.97,3.28,2.8,1.64,1.5,1.33,3.0,1.24,1.96,0.6,1.5,3.41,0.98,1.52
4.34,1.55,4.33,0.9,3.85,3.32,2.23,5.04,2.68,2.53,3.3,1.14,4.04,2.58,3.06,2.56,4.1,3.12,1.79,2.29
3.59,1.86,1.93,1.1,2.6,2.82,1.62,3.31,2.86,2.49,3.3,1.48,3.09,2.08,3.03,1.92,3.2,3.51,1.56,2.24
3.99,1.78,3.79,1.2,5.53,3.33,1.3,3.51,2.21,3.43,2.7,1.26,1.4,3.55,3.03,2.43,3.9,3.71,1.23,2.18
2.8,2.4,1.03,2.0,1.42,1.68,2.81,1.25,1.87,1.9,1.5,2.45,3.6,1.01,1.59,1.0,2.5,1.14,1.69,2.25
2.87,2.66,2.58,1.3,1.77,2.05,1.01,1.96,2.41,3.02,2.1,2.0,2.9,1.65,1.72,1.81,1.3,1.46,1.82,1.19
3.89,1.2,5.13,3.7,5.02,3.35,1.4,4.52,3.08,2.26,2.4,2.15,2.7,3.15,2.59,3.04,4.5,2.43,2.0,2.06
4.4,2.2,4.25,1.4,3.77,2.95,2.63,4.62,2.52,3.18,3.5,2.55,2.1,3.21,2.92,2.33,4.6,4.18,2.54,2.15
2.72,1.8,2.15,1.6,1.6,1.78,0.9,2.4,2.52,2.95,2.1,0.88,3.0,1.88,2.27,1.47,1.0,3.78,1.14,1.53
2.55,2.17,3.44,2.1,2.92,1.32,3.06,2.4,2.48,2.84,2.0,3.63,3.3,1.59,2.32,1.8,3.1,4.85,2.27,1.77
4.99,1.52,3.29,3.5,,2.18,2.15,2.8,3.31,2.45,1.4,2.26,3.3,2.92,3.08,1.85,3.7,5.71,1.93,1.86
3.61,1.02,3.09,1.2,,1.42,1.79,2.18,2.24,3.02,1.1,2.38,1.7,2.98,2.02,2.37,4.3,4.46,1.68,1.35
1.81,1.91,3.1,2.6,,1.44,2.04,2.77,2.22,2.25,2.5,3.35,3.0,1.86,1.54,2.25,2.1,3.48,1.55,2.65
2.32,1.99,4.51,3.6,,2.46,1.89,2.47,2.53,3.54,1.3,2.74,3.5,3.4,2.57,2.5,4.5,2.96,1.65,3.62
3.17,2.07,4.61,1.9,,3.22,1.79,4.16,2.4,2.62,3.5,2.17,3.1,4.24,3.03,1.95,4.8,2.05,1.46,2.44
2.19,0.73,3.25,0.7,,2.94,0.8,2.08,1.72,2.85,2.0,0.9,2.2,1.59,2.75,1.21,1.2,2.26,0.9,0.07
2.7,1.94,1.15,1.3,,1.09,2.07,1.32,2.33,2.15,1.2,2.36,2.5,0.83,2.26,0.83,1.8,2.09,0.96,0.29
3.93,2.75,3.54,2.6,,2.6,2.6,3.22,1.34,3.53,3.1,2.73,3.1,2.46,2.51,1.7,4.1,3.73,2.12,3.18
7.79,5.16,8.55,3.8,,5.87,6.24,9.98,6.5,7.33,8.9,6.93,8.9,5.14,7.53,5.54,5.9,7.04,4.67,6.57
5.16,4.66,6.02,3.3,,4.78,5.09,6.28,5.77,4.64,6.5,5.69,6.4,3.99,3.42,3.99,4.5,4.22,3.0,5.31
4.98,2.48,5.19,2.01,,3.89,3.02,5.25,4.86,4.62,4.7,3.68,5.24,2.56,4.54,3.12,4.24,6.41,2.75,3.91
5.21,3.06,5.42,2.23,,3.97,2.55,5.39,2.59,3.84,5.14,3.86,5.36,3.85,2.98,3.2,4.37,2.74,2.89,3.46
4.23,4.72,6.08,4.08,,4.87,4.1,4.48,5.01,4.33,5.1,4.38,5.5,3.62,2.27,3.89,4.1,3.35,5.57,4.04
6.93,3.74,7.35,3.0,,4.66,3.18,7.61,6.01,5.43,6.1,5.49,7.2,5.04,5.14,4.03,5.3,8.96,4.07,4.71
4.15,3.19,4.84,2.62,,3.2,3.08,4.81,3.49,3.81,4.83,4.16,4.73,2.61,3.93,3.09,3.25,5.65,2.4,3.85
6.77,3.13,5.19,2.9,,4.12,3.11,5.91,4.39,3.96,5.6,5.27,5.3,3.63,3.59,3.03,3.5,4.56,2.96,4.01
7.23,2.7,5.87,2.47,,4.71,2.95,6.07,5.48,3.77,4.61,4.63,5.02,4.21,3.56,3.12,4.55,7.03,3.06,3.31
5.21,2.95,6.44,2.1,,4.45,2.7,5.8,3.61,5.89,5.0,2.3,4.0,4.73,3.66,3.66,6.7,5.65,2.24,3.18
7.21,2.89,6.28,1.88,,4.89,2.57,7.5,6.61,7.14,5.43,3.63,6.45,4.42,6.42,3.76,5.06,10.48,3.02,3.79
6.02,4.62,7.58,4.0,,5.59,4.6,8.54,5.01,6.58,7.4,5.89,2.8,4.41,6.69,4.03,4.4,6.3,3.78,5.25
5.28,1.59,5.47,1.8,,2.42,1.9,4.7,3.58,1.63,2.3,0.7,2.3,5.02,2.62,2.32,2.8,4.6,2.44,2.47
7.71,4.26,3.97,4.43,,2.93,4.5,3.47,6.12,6.81,7.45,4.39,5.41,5.59,4.09,3.89,3.25,10.46,4.92,4.7
9.53,4.49,7.88,3.3,,6.42,4.31,10.46,7.76,8.08,7.68,7.12,9.0,5.23,8.05,5.32,6.2,13.09,5.38,5.56
6.28,7.34,8.24,5.56,,6.72,7.51,6.98,5.47,5.84,9.17,6.6,8.63,5.4,3.82,4.86,6.92,6.14,7.13,7.01
4.65,3.99,6.38,6.9,,4.39,3.85,5.08,3.27,6.56,5.4,7.73,3.9,4.68,3.68,4.8,2.79,7.69,7.88,4.15
3.54,3.02,3.7,2.8,,2.92,1.89,3.34,4.0,4.17,3.3,2.49,3.7,2.7,2.53,2.33,3.5,3.79,3.59,2.73
7.55,4.19,7.74,4.1,,4.81,4.65,7.97,5.0,7.35,7.1,6.75,6.88,3.59,7.04,4.62,5.3,9.74,4.97,5.29
,,,,,,,,,,,,,,,,,,,
5.78,3.61,4.55,3.9,,2.75,2.72,3.97,3.51,2.69,4.2,5.49,4.1,2.96,2.52,2.81,3.8,3.33,2.81,2.73
3.03,1.8,2.79,2.0,,2.64,2.13,4.38,3.8,4.55,1.5,3.64,3.4,3.12,2.63,2.36,3.3,4.84,2.0,2.57
3.58,2.66,3.17,3.0,,2.18,1.86,2.42,1.99,1.47,3.2,2.74,2.1,3.32,2.14,2.11,1.4,1.39,1.72,2.38
5.66,3.23,7.13,5.07,,5.52,3.71,6.58,4.59,4.92,6.04,4.32,4.94,5.13,4.39,3.4,3.36,5.03,4.93,3.89
5.72,4.91,5.59,2.1,,4.15,3.25,6.28,4.76,5.49,5.5,3.73,5.0,4.18,5.66,3.4,4.2,8.64,3.42,3.8
6.13,4.14,7.21,4.3,,5.44,5.12,7.4,4.8,5.93,5.3,7.56,6.29,4.31,4.14,4.32,5.4,8.42,4.31,5.65
3.74,1.6,2.97,2.05,2.73,1.98,1.82,3.4,1.92,6.56,2.92,3.51,0.81,2.49,1.92,1.91,2.37,10.42,2.29,2.03
4.83,1.95,3.53,1.3,3.82,3.42,2.01,4.09,,3.64,3.7,2.64,3.4,3.5,4.37,1.62,4.9,6.84,2.1,2.66
6.51,3.85,5.59,2.73,4.59,5.25,3.26,6.36,,5.16,5.76,5.81,5.6,4.25,4.35,3.77,4.84,7.93,3.53,4.92
4.81,4.48,5.5,3.6,5.72,3.97,4.47,4.89,,4.75,5.8,4.19,4.7,3.05,3.29,3.12,2.7,4.01,3.82,3.24
2.1,0.83,2.97,2.7,4.01,2.59,1.3,2.23,,2.97,1.4,1.53,1.5,3.01,1.91,2.3,4.5,4.0,1.25,0.59
3.72,2.34,4.61,3.0,4.87,3.23,2.43,3.34,,4.56,2.8,4.1,2.6,3.08,2.55,2.47,4.5,3.38,1.94,2.06
4.94,2.42,2.78,2.0,2.97,2.45,1.75,2.66,,3.47,2.5,2.31,3.0,1.98,1.96,1.8,1.9,4.98,1.34,1.61
4.72,3.02,4.21,2.1,4.03,3.63,1.66,3.67,,4.92,4.2,2.78,4.1,4.7,2.59,2.49,5.2,4.17,1.67,2.69
4.73,2.8,4.43,2.5,4.36,3.44,2.68,2.97,,4.6,3.5,3.08,3.5,3.21,3.37,2.02,5.1,2.86,1.7,2.23
5.03,3.54,3.29,2.2,2.64,2.38,2.47,2.72,,2.7,4.0,3.06,4.0,2.64,2.33,,3.3,5.27,2.32,3.48
4.27,2.68,2.64,1.67,2.52,2.33,2.54,2.1,,2.52,4.34,2.56,2.87,1.92,2.32,,2.7,2.08,1.6,2.47
4.54,2.25,3.18,1.09,3.28,2.39,2.19,2.16,,3.1,4.64,2.38,3.4,2.52,2.43,,3.88,5.33,1.62,2.6
2.4,2.42,2.15,2.05,3.1,1.41,2.36,1.06,,1.48,1.22,2.48,2.98,1.95,1.76,,1.34,0.88,2.26,1.3
3.02,1.86,1.44,0.83,0.94,1.14,2.27,1.09,,2.34,2.46,1.86,2.38,1.21,1.38,,1.29,1.77,1.58,1.79
4.34,1.24,1.82,1.7,2.99,2.06,0.78,2.26,,2.68,3.6,2.66,1.5,2.25,1.68,,2.8,4.54,0.92,0.88
4.75,3.85,6.13,3.6,4.82,4.01,4.44,7.14,,5.21,6.6,5.64,5.1,3.69,4.85,,3.85,5.99,4.5,
7.1,4.55,9.89,4.0,8.35,6.52,3.66,10.19,,7.08,6.2,5.61,6.8,5.43,5.21,,6.7,5.09,4.68,
6.46,2.98,8.53,2.4,9.73,3.9,4.11,5.99,,10.42,4.1,4.51,4.2,8.46,3.48,,5.2,14.81,5.23,
2.69,1.14,2.15,2.2,2.21,2.84,1.86,2.8,,2.93,2.5,2.9,2.2,1.41,2.61,,2.6,1.81,2.02,
4.23,2.36,4.66,2.9,4.78,5.19,2.69,4.18,,3.9,3.9,3.55,3.1,2.94,4.02,,2.5,4.38,4.55,
4.92,3.49,6.7,4.3,4.24,4.09,3.2,6.53,,4.22,4.9,4.02,4.5,4.1,3.29,,4.4,5.17,2.82,
5.15,3.32,5.21,2.5,4.99,2.8,4.39,4.89,,3.16,3.7,2.5,4.2,4.35,2.94,,3.0,5.5,4.14,
,4.74,5.74,1.9,5.57,4.51,5.82,4.94,,4.86,3.5,5.65,5.2,4.43,4.33,,5.3,5.58,3.79,
,4.76,8.09,4.5,7.99,6.36,3.74,7.63,,8.53,5.8,4.62,6.87,6.93,5.04,,8.8,7.03,3.55,
,4.32,6.36,3.21,6.04,4.54,4.14,5.64,,5.75,5.96,3.14,4.42,5.23,4.4,,6.27,7.84,2.44,
,1.78,5.08,3.2,0.76,2.94,2.45,2.48,,3.91,2.0,2.39,2.01,2.05,1.82,,3.6,2.38,,
,3.98,5.42,3.3,5.29,4.84,3.83,4.24,,4.82,5.3,3.96,3.4,4.05,4.15,,5.7,4.5,,
,2.07,3.34,1.6,3.44,2.7,2.09,3.22,,4.71,4.6,2.99,4.03,3.82,3.95,,4.1,5.54,1.63,
,1.5,2.15,0.7,2.11,1.19,1.06,2.08,,2.19,1.9,2.11,2.4,1.27,1.99,,1.4,1.75,0.61,
,,5.23,3.66,5.4,4.23,2.53,4.0,,2.98,2.99,2.59,2.81,2.72,2.75,,3.73,2.78,2.23,
,,4.78,3.0,5.61,4.22,3.07,4.03,,5.12,3.4,2.6,2.2,3.43,3.07,,4.3,3.51,2.11,
,,4.63,2.69,4.5,3.56,2.28,3.35,2.03,3.66,2.39,2.64,2.48,2.77,2.72,,3.91,2.77,1.3,
,,3.42,1.9,3.09,2.72,1.88,2.49,1.65,2.17,2.0,2.03,2.1,1.88,1.64,,2.7,1.15,1.06,
1.9,,2.62,2.0,1.78,1.42,1.63,2.07,1.05,1.9,1.43,1.68,1.52,1.44,1.47,,0.85,1.51,1.59,
4.43,,4.14,3.13,2.64,2.55,2.72,2.75,1.11,2.05,2.68,2.31,3.61,1.44,2.48,,2.76,2.14,2.14,
,,7.27,6.25,7.1,4.74,4.36,5.57,2.9,7.36,5.06,4.11,5.27,5.31,3.43,,6.56,5.73,3.94,
,,7.61,4.99,6.9,5.69,5.3,6.26,3.51,5.92,6.28,4.79,4.32,5.32,4.75,,6.7,4.34,2.92,
7.83,,7.9,5.3,6.22,6.49,5.85,6.84,3.42,4.07,7.78,5.45,7.1,4.17,5.11,,5.89,5.01,4.04,
1.63,2.11,3.07,2.1,3.94,2.81,2.83,2.9,1.32,1.56,2.2,2.12,1.8,1.88,1.19,,1.1,0.75,2.0,
1.85,0.0,1.32,0.5,1.03,0.82,0.78,1.21,1.24,2.03,1.1,0.8,1.1,0.72,1.64,0.73,2.6,2.66,0.53,
5.18,2.34,3.88,2.5,4.12,3.36,2.47,3.66,2.64,3.23,4.1,2.34,4.0,2.53,3.41,2.5,3.8,3.25,1.96,2.1
5.54,2.39,3.14,2.3,2.38,3.52,2.97,3.94,2.87,2.4,4.3,3.99,4.0,1.86,5.16,2.68,3.7,3.82,2.37,3.5
5.48,3.58,5.44,3.0,6.05,3.12,4.14,5.59,5.85,4.32,3.5,3.94,6.0,5.14,3.82,3.4,5.7,7.7,3.76,
3.63,2.66,4.37,1.9,5.62,3.22,4.09,4.84,4.21,2.24,3.2,4.47,4.5,3.67,2.55,3.29,3.2,3.12,3.57,
1.25,1.22,1.52,1.4,1.31,0.89,0.86,1.1,0.98,2.09,1.0,1.18,1.4,1.26,1.74,1.32,1.3,1.28,1.21,
2.56,,2.65,1.0,3.63,0.78,2.11,2.18,2.21,1.99,1.22,2.59,1.8,2.62,1.18,,0.7,2.81,1.28,
4.01,,3.82,2.19,3.18,3.17,3.78,4.15,2.98,2.67,3.03,3.35,4.13,1.85,3.39,,2.51,2.73,1.75,
4.28,,2.84,1.47,2.37,2.5,1.61,3.62,1.9,2.48,4.03,2.74,1.81,2.53,2.93,,2.25,4.29,1.36,
5.65,,3.9,1.42,2.78,3.26,3.0,3.74,4.13,3.44,3.86,5.33,3.7,2.2,2.66,,2.28,2.53,2.33,
1.29,,1.84,0.86,1.34,1.27,1.5,1.68,0.57,1.39,1.11,1.66,0.96,1.55,1.31,,0.95,1.47,1.69,
2.56,,2.99,1.99,4.04,2.05,2.15,2.76,2.5,5.19,3.35,4.16,1.67,1.22,1.93,,2.53,3.24,2.26,
2.77,,2.15,1.98,1.9,1.12,2.06,1.32,2.56,0.82,1.98,1.95,1.7,1.6,1.37,,0.53,1.79,1.93,
2.02,,0.88,1.86,1.97,1.7,0.82,0.49,2.21,2.35,0.64,1.8,0.83,1.83,1.79,1.25,1.64,1.57,0.88,0.4
5.82,,8.08,3.8,7.68,6.5,3.73,7.67,4.41,7.18,5.46,5.45,5.08,5.43,4.26,4.6,6.67,6.82,3.64,3.8
9.46,,7.17,3.99,8.4,8.05,4.75,7.22,5.93,10.91,8.96,5.97,7.7,6.79,6.1,5.58,9.62,6.51,4.67,4.64
,,,,,,,,,,,,,,,,,,,
5.14,,2.22,1.31,3.05,3.46,1.54,2.96,1.86,5.68,2.92,2.09,3.03,2.7,2.72,2.65,4.24,4.99,2.1,1.7
4.19,,4.41,2.6,3.84,3.35,2.59,3.54,2.58,5.25,3.3,2.58,2.5,2.06,2.97,,3.8,4.27,1.97,2.51
5.65,,6.2,3.9,5.75,4.88,2.69,3.96,2.05,5.52,4.9,3.89,3.8,4.22,3.76,,5.1,4.59,2.5,3.89
5.57,,5.5,2.1,4.3,3.33,3.47,2.92,2.68,3.8,5.2,3.59,4.0,3.92,3.56,,4.7,5.98,2.77,3.06
,,3.85,2.2,,3.28,3.4,4.0,5.55,6.72,4.1,4.32,4.5,3.71,2.92,,5.0,6.96,1.73,
,,3.71,1.5,3.62,2.74,1.49,3.1,2.69,2.9,4.4,2.84,4.1,2.92,3.0,,4.3,3.83,2.26,
,,8.22,4.4,7.16,6.14,4.33,4.97,2.91,6.23,4.8,3.41,5.1,4.54,3.93,,6.0,6.0,2.96,3.82
7.55,,7.57,5.32,5.71,4.74,3.91,5.37,3.28,4.38,6.24,4.35,5.34,4.29,5.13,4.44,5.55,4.75,2.91,5.03
6.63,,5.94,3.8,4.96,4.73,4.4,6.76,3.32,5.48,5.6,3.27,4.2,4.95,4.46,3.83,5.7,4.72,2.62,4.38
3.36,,2.85,1.46,1.57,2.04,2.02,2.65,2.0,3.73,3.45,1.89,2.62,2.25,2.53,1.99,2.45,2.45,1.27,1.54
0.48,,1.39,1.2,0.96,0.81,0.87,0.89,0.69,3.11,1.0,0.84,1.7,1.16,0.75,0.92,0.7,,1.54,1.14
2.46,,3.13,3.18,3.36,1.7,2.64,2.57,4.03,1.92,2.25,2.57,1.94,2.2,2.01,2.23,3.27,,2.3,3.15
5.05,,2.73,2.6,4.9,2.68,3.4,3.16,3.4,2.35,3.6,4.75,5.9,2.03,3.13,3.12,3.2,,3.34,3.32
3.65,2.38,3.47,2.4,3.58,2.48,2.52,3.71,2.51,1.66,2.4,3.64,3.3,2.66,2.08,2.39,2.5,,2.5,2.22
2.35,1.89,2.85,1.1,1.96,2.61,2.5,2.41,2.18,1.35,2.2,3.13,2.4,1.65,2.09,1.81,2.1,,1.58,1.86
5.76,3.18,5.8,4.7,6.25,3.87,2.23,4.87,2.72,3.8,3.5,3.41,4.9,4.41,3.07,3.73,5.1,,2.59,4.21
5.01,2.87,5.07,3.8,4.12,3.24,3.06,3.31,2.18,4.46,3.3,3.03,3.0,3.29,3.03,2.82,3.9,,2.19,3.05
3.15,2.56,2.08,1.84,1.84,,1.53,1.72,1.48,3.86,1.07,1.6,2.54,1.27,2.01,0.92,1.65,,0.91,1.81
4.66,1.61,4.0,1.4,2.88,,0.92,4.39,0.79,4.15,3.5,1.52,3.2,2.49,2.77,2.16,2.5,,1.12,1.76
3.96,2.32,6.73,4.47,5.5,,1.45,4.06,2.8,4.14,3.09,3.46,3.55,3.64,3.6,3.92,5.08,,2.7,4.1
4.79,2.48,4.34,3.02,3.31,,2.26,2.48,1.79,1.75,2.26,1.83,4.23,2.25,2.46,2.31,3.15,,1.82,3.09
5.38,2.48,3.74,2.12,3.3,3.3,3.64,4.12,2.98,1.94,1.95,2.99,4.89,2.03,3.84,2.63,3.14,,2.2,2.76
1.61,2.39,5.7,2.25,3.83,4.98,2.06,4.25,2.53,4.53,2.34,2.24,1.57,1.87,0.94,1.81,1.78,,3.04,1.95
4.1,2.16,3.96,1.43,5.64,2.96,2.36,2.83,4.31,6.89,2.47,1.32,2.69,5.19,2.21,2.06,3.8,,1.81,2.63
5.24,1.61,3.47,2.52,2.6,3.04,2.11,4.06,3.62,2.66,4.53,2.38,4.27,2.87,3.58,2.05,4.52,,1.88,3.23
6.06,5.5,6.48,3.22,5.99,6.58,4.35,5.77,4.51,6.15,6.28,3.54,4.74,5.47,5.57,3.08,4.21,,4.47,4.49
2.77,1.7,2.35,1.7,1.56,2.08,1.69,1.6,1.93,1.64,2.7,2.24,1.7,2.29,2.03,1.59,2.5,,1.3,1.94
1.95,1.7,4.55,1.42,3.46,3.43,1.81,2.88,2.52,2.61,2.68,1.37,1.56,2.73,1.67,2.17,2.08,,2.12,2.28
1.55,2.84,2.24,1.9,2.68,1.77,2.41,2.76,2.91,3.42,2.0,2.13,1.0,2.61,1.71,1.38,3.0,,2.71,1.0
1.81,0.58,0.92,0.85,1.58,0.85,0.7,1.4,1.39,1.67,0.51,1.36,1.11,1.6,1.1,0.87,1.21,,0.41,0.51
1.16,0.5,2.16,2.04,3.15,1.81,1.99,2.05,1.15,1.39,0.74,3.06,1.16,1.97,0.75,1.05,2.0,,0.78,1.22
7.55,7.38,9.17,4.8,5.24,7.07,4.88,9.27,4.88,7.25,7.7,8.21,7.1,5.26,6.1,6.19,5.5,,5.55,5.44
11.95,1.95,7.98,1.89,9.19,9.0,1.85,6.55,9.71,11.09,5.13,2.81,3.61,8.2,7.73,2.53,6.36,,2.94,1.54
7.92,5.37,8.97,4.2,9.46,6.51,5.8,6.06,6.43,7.72,5.9,3.8,4.9,6.2,4.43,4.97,5.7,,5.74,5.05
6.83,2.78,4.57,2.26,4.77,4.53,2.4,5.08,3.66,3.59,4.94,3.66,5.02,3.68,4.11,2.62,5.34,,2.5,1.93
6.73,3.06,6.24,4.8,6.93,4.23,4.45,7.07,5.84,5.86,3.9,4.86,,6.77,3.56,3.91,5.3,,4.25,
1.33,0.75,2.33,2.6,1.05,1.57,2.35,1.31,1.05,2.13,0.8,2.02,0.9,1.06,0.52,1.27,0.6,,2.22,
6.95,3.64,4.48,1.8,3.84,4.91,2.72,4.56,5.06,2.78,5.0,3.83,5.3,3.34,3.9,2.73,,,3.12,
6.12,3.14,6.91,2.9,6.05,5.74,1.93,7.39,2.97,7.34,5.5,3.65,3.7,5.33,4.18,3.87,6.2,,2.77,3.14
2.77,2.53,3.81,3.2,3.62,3.14,3.06,3.01,1.69,1.5,2.23,3.15,1.63,2.14,1.61,2.2,2.12,2.07,1.98,2.38
1.39,1.32,1.57,0.32,1.56,2.08,0.68,1.26,2.08,2.05,1.68,0.58,1.27,0.76,1.23,0.36,1.44,3.52,0.79,1.09
7.56,5.61,7.8,2.89,6.05,5.64,4.99,8.41,5.51,6.2,7.9,4.38,7.1,5.23,5.55,4.17,4.5,10.6,4.97,6.35
4.96,5.44,4.58,2.7,3.65,3.62,3.97,3.88,2.78,4.26,4.55,3.78,3.62,2.61,1.49,2.72,3.16,5.81,4.31,4.44
3.72,2.91,3.79,2.7,2.39,2.93,2.79,3.84,2.73,3.06,3.6,3.26,3.3,1.87,3.27,2.75,3.1,3.58,2.3,2.3
6.28,4.11,4.83,3.0,7.46,5.33,2.93,3.32,6.53,8.7,4.3,3.97,2.9,7.6,3.88,2.69,5.2,13.06,2.29,2.81
1.7,1.96,3.23,2.61,4.88,1.74,1.75,3.95,5.16,6.75,2.96,3.21,0.83,5.46,1.25,1.71,3.49,9.56,1.49,3.51
1.55,4.27,3.23,2.3,3.61,2.37,4.56,3.7,2.15,1.07,3.0,3.4,2.6,1.06,1.43,2.1,0.6,3.43,2.85,3.73
7.22,4.65,7.42,3.9,6.44,6.18,4.74,9.35,5.49,6.94,7.4,6.62,7.7,4.89,7.15,5.87,4.5,10.23,4.78,5.61
5.12,2.78,2.84,1.62,3.62,3.51,1.73,2.14,2.57,6.26,2.62,2.36,2.14,2.26,1.55,1.13,3.02,7.39,2.2,1.47
4.33,1.77,3.1,2.7,2.85,2.64,3.11,4.01,2.16,4.03,4.0,3.34,3.1,2.61,2.85,2.55,2.5,5.3,1.5,3.27
5.24,6.45,3.79,3.0,2.79,6.13,6.2,3.16,3.54,5.79,4.8,5.63,5.4,2.39,2.78,2.89,1.9,7.08,4.4,4.36
3.41,3.5,3.12,2.43,3.71,2.46,2.38,2.72,1.98,4.52,2.3,2.19,0.87,1.52,0.68,0.9,0.9,5.6,1.71,2.16
2.53,1.63,3.26,1.25,2.62,2.48,0.49,2.26,1.22,3.68,2.23,0.91,1.48,2.64,1.3,0.95,2.69,3.83,0.77,0.64
5.3,2.82,3.72,1.85,3.89,4.0,0.58,4.51,2.09,4.08,3.72,2.37,3.66,2.68,2.71,2.76,3.63,4.24,3.33,3.4
1.34,1.69,3.32,1.19,1.74,1.6,0.99,3.12,2.12,2.5,1.58,2.95,1.25,1.82,1.39,1.53,0.67,2.13,1.53,1.49
2.88,1.12,5.1,3.6,4.54,3.86,1.95,3.38,2.29,4.65,4.1,2.14,2.2,3.48,2.2,3.17,3.3,4.35,1.49,2.7
2.72,2.43,2.72,1.32,0.86,1.51,1.32,1.01,1.29,3.69,2.82,2.56,0.98,0.34,1.95,1.67,1.29,1.79,2.05,2.68
3.17,0.96,2.83,1.77,2.13,2.96,1.58,2.49,1.49,5.29,1.87,1.47,0.9,3.5,2.57,1.62,2.46,3.34,0.84,2.19
7.82,4.0,7.81,5.4,6.63,6.46,4.0,6.39,3.71,6.58,6.2,4.06,6.8,5.27,5.41,4.79,7.2,6.73,3.8,5.59
4.07,3.23,5.4,3.9,4.05,4.84,3.69,3.12,1.72,4.79,3.64,3.21,3.17,2.73,3.38,3.02,4.01,4.87,2.36,3.6
4.62,3.43,4.36,2.53,3.09,3.44,2.13,4.59,3.14,2.25,4.09,3.61,3.71,3.21,3.33,2.95,3.38,6.41,2.83,3.22
1.42,2.31,1.01,1.5,1.1,1.18,1.92,1.01,1.88,3.59,1.4,2.62,1.2,0.79,2.58,1.84,0.9,2.91,1.69,0.69
5.65,3.44,4.5,3.27,4.49,3.84,3.86,4.29,3.38,3.26,2.77,2.85,4.95,3.22,2.73,3.04,4.06,4.45,2.4,3.64
6.49,4.11,6.29,3.74,6.74,5.06,3.76,6.68,3.24,3.6,4.3,3.83,5.51,4.83,3.9,5.11,6.29,5.14,3.57,5.18
6.29,4.42,5.21,2.58,4.32,5.17,3.44,3.82,4.7,4.22,4.81,3.91,4.17,4.86,3.54,3.25,5.33,8.65,2.71,3.04
4.77,1.96,5.21,0.82,5.08,5.18,2.4,5.16,3.83,4.42,5.03,1.41,3.73,4.9,4.41,3.26,4.94,7.23,3.29,3.15
8.68,5.74,8.55,3.9,7.08,7.9,4.17,8.09,4.41,6.68,7.3,5.71,5.7,4.64,5.25,5.14,7.2,7.25,4.75,4.94
5.69,2.7,5.89,2.29,5.86,6.13,4.39,5.8,4.98,4.75,7.02,4.86,5.16,4.69,3.33,3.97,5.47,6.44,4.81,4.65
6.03,4.38,4.92,2.71,4.15,4.52,3.06,6.27,4.27,3.86,5.7,4.16,4.7,3.8,3.53,2.92,4.49,6.2,2.66,3.34
6.7,4.96,4.91,3.4,5.04,4.74,3.54,5.34,4.34,5.41,5.96,4.99,5.26,4.87,3.89,3.2,5.83,10.32,3.72,5.26
7.52,6.06,7.02,3.76,6.6,6.28,5.05,7.42,3.45,7.26,6.71,4.98,5.74,5.3,4.91,4.21,7.44,7.57,3.77,5.15
8.11,5.67,6.53,3.38,4.06,5.39,3.76,6.96,4.4,5.28,6.88,4.93,6.53,4.25,5.59,4.77,4.76,8.76,4.34,4.3
5.01,4.89,5.51,5.03,4.05,4.26,4.51,4.32,2.92,3.42,4.9,3.71,3.48,3.86,3.79,3.68,4.33,4.22,2.01,4.67
7.37,3.46,7.63,3.58,7.78,7.71,3.56,7.65,6.52,6.88,7.93,2.59,4.76,7.3,6.9,4.81,5.21,11.28,5.54,4.02
6.48,3.38,8.2,2.06,3.42,5.04,2.65,7.68,2.93,7.3,5.11,3.6,4.28,3.11,4.08,3.67,3.35,10.35,3.13,2.9
2.96,3.51,3.53,3.4,4.21,3.51,3.32,3.67,3.49,1.81,4.63,3.41,3.5,1.96,1.13,3.06,1.6,3.8,3.86,2.85
3.69,5.94,3.62,2.8,2.53,3.23,5.21,3.7,3.25,3.7,6.17,4.22,4.63,2.39,2.53,2.73,4.03,4.49,3.22,4.52
7.1,2.91,4.06,3.0,3.98,3.47,3.3,3.82,6.97,4.92,6.5,5.34,5.0,3.43,4.93,3.67,4.4,10.53,2.71,6.0
3.75,5.94,5.12,4.3,4.25,4.87,5.17,3.58,4.26,2.16,6.16,4.19,5.1,3.43,1.7,3.59,3.27,3.68,5.09,4.79
4.56,1.63,3.23,1.54,3.51,2.95,2.11,2.7,2.22,3.2,3.61,1.31,3.12,1.77,2.67,1.93,3.04,3.54,1.81,2.19
7.3,3.92,5.3,3.5,4.35,5.01,3.26,4.82,4.27,5.01,4.8,4.93,4.97,3.61,3.81,4.08,5.44,5.82,4.42,4.07
5.24,4.35,7.73,4.64,6.57,6.24,6.02,7.58,5.05,6.86,7.75,6.29,6.23,5.71,2.3,3.71,6.66,13.07,4.12,5.84
5.23,5.3,4.92,3.74,4.36,4.47,4.48,3.38,3.31,2.52,4.77,4.85,3.52,2.73,2.61,3.12,2.7,3.35,4.33,3.88
4.54,4.43,6.82,5.2,6.65,5.42,5.25,5.21,4.05,3.17,4.17,4.75,3.58,5.06,3.6,4.08,4.47,5.52,5.33,4.42
6.24,4.52,5.76,4.26,5.16,4.23,4.77,6.75,4.6,6.19,7.41,5.51,6.02,4.43,7.15,3.75,4.99,9.74,2.91,5.5
4.31,4.1,3.23,2.68,3.55,2.76,2.7,3.73,4.76,4.17,4.07,4.39,3.93,3.31,3.23,2.84,3.78,6.45,2.55,3.75
4.89,6.07,6.54,4.3,6.95,7.97,4.88,5.9,6.1,4.88,6.7,3.44,5.9,5.28,1.98,4.1,5.4,6.67,6.15,4.79
4.07,4.29,8.48,3.4,9.39,6.57,4.06,7.46,5.22,5.35,4.8,3.11,3.2,7.32,3.52,3.46,4.8,9.74,3.56,3.81
5.17,1.87,4.99,2.13,4.98,4.69,3.03,5.53,5.34,4.6,3.72,4.69,3.59,4.33,3.29,3.55,4.28,7.72,3.08,4.11
4.53,4.44,6.62,3.47,6.46,7.04,4.49,6.05,5.47,6.99,6.49,4.05,6.51,6.93,2.47,3.82,6.25,8.2,4.16,4.49
,,,,,,,,,,,,,,,,,,,
,,,,,,,,,,,,,,,,,,,
,,,,,,,,,,,,,,,,,,,
6.15,4.74,6.9,4.98,6.99,4.65,5.74,5.29,4.6,6.52,4.78,3.82,4.54,5.71,3.49,3.75,3.98,9.89,5.51,4.66
6.77,2.93,5.89,3.23,5.73,3.82,4.43,6.3,5.02,5.14,5.56,5.51,5.24,4.42,5.14,4.05,4.26,9.38,2.66,4.96
2.08,1.35,4.27,3.32,4.86,2.21,3.45,4.43,2.04,4.7,4.0,4.85,0.6,3.61,2.85,2.51,2.9,5.84,2.0,3.18
1.32,3.99,4.1,2.06,3.27,2.79,1.94,4.21,2.49,2.13,2.7,3.55,2.9,2.31,1.26,3.02,2.9,4.64,2.74,2.58
3.8,2.81,8.49,3.66,7.84,6.16,4.22,9.43,3.51,8.66,5.06,7.74,3.38,6.01,4.23,5.61,5.65,15.09,5.49,4.32
3.33,0.85,0.97,1.45,1.43,1.71,1.12,1.23,1.91,2.93,1.94,1.36,1.86,1.27,2.23,1.59,2.46,2.94,1.4,1.34
7.73,4.53,7.9,4.87,6.73,6.0,5.28,6.45,3.73,5.49,6.3,5.04,4.23,5.46,5.53,5.28,6.11,5.26,3.54,5.07
7.45,4.18,8.42,3.4,6.03,6.17,3.18,8.49,5.38,7.59,6.0,4.22,6.0,5.2,4.8,5.32,6.4,10.06,4.13,3.78
5.47,5.9,7.75,4.47,6.32,6.72,7.01,9.41,5.46,5.4,6.27,8.1,7.66,4.59,4.33,5.66,5.56,8.66,4.1,6.06
5.09,3.63,7.08,3.35,6.46,4.46,5.23,8.75,4.17,3.76,5.95,6.14,4.47,3.95,4.19,4.97,5.19,5.48,4.93,5.33
6.0,4.45,6.26,4.43,6.65,5.36,4.83,5.54,4.96,6.2,6.19,5.11,7.0,5.4,3.24,4.34,5.71,9.01,4.49,4.49
3.86,3.92,8.63,4.7,7.7,4.77,3.56,6.94,3.59,5.9,5.2,4.44,4.6,5.5,4.55,4.1,5.1,9.15,3.97,4.26
6.53,4.02,6.85,3.49,6.56,5.42,3.12,4.52,3.08,6.21,5.05,2.75,4.07,4.61,3.83,2.98,6.02,6.59,2.85,3.73
6.3,3.64,7.31,4.71,6.44,5.24,3.14,4.97,2.88,5.78,5.31,4.09,4.57,4.37,4.86,5.18,5.3,5.82,3.26,4.38
4.7,3.9,6.34,5.1,6.37,5.19,3.88,5.76,2.92,4.47,4.6,4.0,4.1,4.15,4.38,4.73,4.4,4.61,2.92,3.51
2.25,3.11,2.1,3.9,4.09,1.32,2.63,2.2,3.01,4.91,2.7,3.79,3.39,4.08,1.11,1.6,3.1,6.89,2.61,3.14
6.69,4.65,7.5,3.22,7.52,5.42,3.86,6.04,3.16,6.57,5.62,4.85,4.52,5.89,5.22,4.61,6.87,7.78,2.65,3.61
6.75,3.24,7.08,1.4,6.1,5.69,3.06,7.69,6.42,7.28,4.07,2.24,4.28,5.76,3.47,3.57,6.8,10.7,3.2,2.74
5.2,3.37,5.7,4.22,4.62,3.97,4.07,6.11,5.61,6.22,4.97,5.77,5.25,3.41,3.36,4.17,3.87,8.4,4.03,4.15
5.6,3.59,5.57,3.37,4.99,4.79,4.38,5.87,5.52,4.51,4.26,4.64,5.2,3.7,3.89,3.84,4.34,8.57,2.51,4.56
6.07,3.76,5.15,3.4,4.89,4.44,4.46,6.77,4.12,3.92,4.5,5.22,4.2,3.81,3.79,3.5,4.2,8.29,2.45,4.41
6.85,6.88,8.34,5.41,7.81,7.4,5.77,8.1,5.93,3.52,8.61,7.08,7.64,6.05,4.09,6.17,5.71,5.21,7.31,5.78
7.86,4.53,6.94,2.59,5.67,4.89,4.18,8.09,4.84,5.57,5.69,4.71,6.04,4.73,4.56,5.06,4.42,9.4,4.02,4.77
4.81,6.86,6.55,4.83,6.25,6.38,6.96,5.65,4.94,3.83,6.39,5.9,7.22,5.61,2.14,4.33,5.21,6.36,6.33,5.07
3.42,2.26,4.82,3.05,4.65,2.68,2.55,6.05,4.0,2.9,3.22,4.34,4.0,3.2,2.05,2.47,2.3,3.02,2.01,2.48
1.75,3.71,2.29,2.5,3.28,1.93,3.28,2.36,2.29,6.42,2.8,3.88,2.8,2.28,1.56,2.36,2.4,3.16,1.95,2.25
2.74,2.77,4.17,3.44,3.77,3.48,2.19,3.03,2.51,2.67,2.9,2.68,3.0,2.13,2.89,2.71,1.8,5.92,2.94,2.8
4.94,3.78,3.92,3.12,2.71,2.99,3.99,3.89,4.5,2.55,5.0,4.5,5.4,2.25,2.65,3.12,2.8,7.23,2.88,3.87
6.21,3.07,6.49,3.7,6.59,4.47,3.69,7.56,6.57,6.69,6.6,5.21,7.8,5.66,3.6,4.11,7.8,7.98,2.51,3.95
4.72,4.62,5.96,4.71,4.43,3.29,5.05,7.38,4.68,4.99,6.33,5.89,5.64,3.54,3.15,3.92,4.31,6.39,3.59,4.92
5.4,7.04,7.96,5.21,7.48,5.37,6.63,8.52,6.23,5.92,8.66,6.83,7.79,5.57,2.25,5.3,6.76,7.98,5.26,6.31
4.7,4.91,5.73,4.32,6.02,5.31,4.7,4.96,4.48,2.85,6.29,5.15,5.43,5.45,1.92,4.3,4.28,3.58,5.32,4.9
4.02,2.24,2.2,1.11,3.47,2.46,1.44,2.47,2.77,4.83,2.0,1.82,2.65,3.63,2.51,1.63,4.27,4.69,1.11,2.03
7.44,4.04,8.69,4.35,10.45,7.28,4.43,7.93,4.14,9.52,6.05,3.93,5.08,7.39,5.8,5.32,8.53,8.35,3.38,5.18
7.05,4.14,7.97,5.71,10.35,7.76,4.08,6.19,3.59,8.93,5.19,3.83,4.94,7.51,5.05,5.02,8.66,8.21,3.67,5.28
5.18,3.35,6.72,3.42,6.08,4.91,3.56,5.95,3.41,5.53,5.22,3.42,4.79,5.43,4.41,4.15,5.67,6.11,3.21,4.61
7.06,3.66,7.39,4.37,7.38,4.57,3.77,6.25,2.75,6.41,5.02,4.15,5.37,6.24,4.59,4.27,6.3,5.56,3.29,5.81
5.01,3.97,4.0,4.04,3.78,3.75,3.44,3.57,2.09,1.96,3.61,3.52,4.28,2.22,3.13,2.46,2.72,2.44,2.53,3.7
5.43,3.24,1.54,2.76,4.58,3.04,2.65,2.59,5.26,5.43,3.24,4.23,4.98,4.37,3.13,3.26,6.29,8.75,3.52,2.99
5.43,2.82,5.49,3.48,6.94,4.27,4.29,7.18,5.64,7.73,4.97,5.09,4.29,6.34,4.56,4.16,6.61,12.74,2.56,4.72
4.27,3.58,3.6,2.4,3.79,4.99,2.99,3.7,4.14,3.88,2.7,3.44,3.9,3.21,3.78,3.16,2.21,5.83,3.55,3.03
5.5,3.13,3.45,2.77,4.28,4.63,2.65,2.33,3.67,2.56,3.49,3.13,3.0,3.75,3.73,2.36,3.23,5.21,2.93,2.59
4.52,2.57,4.15,3.11,6.38,3.61,3.57,5.59,4.43,4.39,2.58,4.11,3.37,4.45,2.86,2.49,4.63,6.19,2.79,3.11
5.96,2.84,4.66,2.87,4.6,4.83,3.74,4.33,3.43,4.13,3.24,5.25,4.81,3.24,3.43,3.11,4.09,7.08,3.44,3.52
5.57,4.18,5.06,3.2,4.95,4.0,4.86,4.93,4.32,3.97,4.2,5.57,5.39,4.19,3.55,3.18,4.5,5.42,3.81,4.29
6.43,4.4,6.37,3.2,4.93,5.19,5.34,5.82,4.47,4.04,4.4,5.19,6.9,4.6,4.2,4.21,5.7,7.51,4.83,4.81
4.65,3.36,4.69,3.8,4.27,4.03,4.15,4.33,3.13,2.34,3.86,5.25,4.13,3.11,3.43,3.57,4.3,3.73,3.82,3.94
3.5,3.0,4.17,2.37,3.85,2.58,3.46,3.22,2.82,2.99,2.89,3.76,3.84,4.35,3.6,3.14,4.14,4.47,3.68,3.19
3.95,4.29,3.47,4.38,5.36,3.6,3.79,4.31,2.98,3.07,3.76,3.66,3.08,3.5,2.44,3.6,3.59,5.77,3.64,3.38
2.47,2.15,4.28,1.8,4.05,4.61,1.89,3.75,2.94,2.32,2.8,2.15,2.4,2.72,1.61,1.79,2.8,3.26,1.83,2.49
6.0,3.31,5.1,1.9,6.16,4.58,3.7,5.43,5.05,2.47,3.8,2.91,3.7,5.18,3.33,2.56,5.72,4.27,2.36,3.43
5.88,3.63,6.02,1.7,5.35,3.39,4.86,5.21,3.76,3.4,4.26,5.4,5.05,4.64,3.32,3.98,5.14,6.23,3.34,5.41
3.31,2.93,3.64,3.72,5.24,4.03,3.18,4.6,3.02,3.34,3.5,3.07,3.35,4.46,1.54,2.96,5.5,2.81,2.95,3.29
3.78,,3.84,2.63,5.07,2.77,2.17,2.35,3.02,4.48,2.1,1.9,2.4,3.86,2.12,2.7,4.44,4.53,1.76,2.39
5.17,,7.59,5.04,8.64,4.57,2.86,5.38,3.1,8.23,4.67,4.39,3.9,8.0,3.93,4.34,7.98,8.29,3.19,4.99
6.29,4.29,7.54,5.59,8.04,7.0,5.14,5.61,3.59,6.4,6.1,4.95,3.9,5.02,4.86,5.76,6.6,5.65,3.31,5.33
2.21,3.41,4.48,3.54,4.22,3.77,2.84,3.67,2.31,3.9,3.49,2.8,2.83,3.75,2.93,2.25,4.67,3.88,2.35,3.24
2.99,1.73,3.65,1.6,3.21,2.59,1.95,2.81,2.38,3.66,1.67,1.7,1.5,3.84,3.29,1.59,3.24,4.71,1.03,1.68
7.87,3.82,7.1,2.54,6.16,5.91,5.42,7.03,4.85,4.25,4.76,6.37,6.41,4.52,4.49,4.23,6.48,8.53,4.73,4.8
4.34,2.77,5.24,2.54,3.92,3.13,3.54,5.02,3.52,3.45,3.35,4.83,4.2,3.7,3.15,3.23,4.72,8.15,3.37,3.46
3.4,2.11,2.4,1.82,2.84,2.11,2.91,2.57,2.67,2.7,2.31,2.6,2.79,2.4,2.78,2.1,2.76,4.55,2.15,3.1
,,,,,,,,,,,,,,,,,,,
3.27,2.87,1.18,3.3,1.45,3.52,2.16,1.39,3.04,1.98,4.48,4.7,4.29,1.73,1.78,1.64,2.49,3.06,2.27,3.2
3.65,2.5,7.59,3.85,6.25,6.08,3.42,9.34,4.85,5.5,4.75,5.37,3.28,4.47,4.6,4.28,4.75,9.05,4.39,4.21
5.41,6.5,6.42,5.36,5.38,5.53,6.43,5.67,4.48,4.92,7.72,6.59,7.01,5.49,2.53,3.91,4.98,4.97,5.43,5.35
6.22,5.65,6.25,3.77,3.66,5.85,4.54,7.74,3.46,4.85,4.95,4.66,5.66,3.46,3.99,4.15,4.77,6.75,3.22,4.41
3.39,2.55,1.63,2.76,1.92,1.52,3.27,1.72,2.46,3.41,1.28,3.6,2.04,2.87,1.84,1.62,2.06,3.9,3.49,1.87
5.33,2.74,1.38,3.03,2.54,1.57,3.46,1.56,3.39,4.42,1.84,3.45,2.39,2.13,1.73,1.77,3.06,7.28,2.18,1.8
3.05,3.62,5.93,2.3,5.04,3.68,2.33,5.28,5.08,5.63,5.0,3.36,4.1,4.2,1.92,2.91,4.9,8.03,3.63,3.23
5.02,2.92,3.6,1.93,3.64,2.84,2.41,4.16,3.99,4.12,3.48,2.62,4.47,2.35,2.01,3.15,2.87,6.4,2.36,3.19
7.38,4.46,6.65,2.13,8.26,5.38,5.67,5.83,3.57,7.22,4.68,5.45,5.7,5.52,4.14,4.17,7.56,6.95,3.68,5.44
4.0,1.9,1.12,1.44,3.57,2.63,1.16,2.1,2.21,4.96,1.17,0.76,1.12,2.72,1.46,1.08,3.21,2.76,0.63,0.69
2.78,3.06,1.75,0.81,2.41,1.46,1.47,1.77,2.34,1.89,1.45,1.77,2.26,2.35,2.56,1.45,2.69,3.69,1.45,1.26
3.66,2.01,1.99,1.54,2.73,2.53,2.3,2.27,3.1,4.09,2.14,1.66,2.47,1.56,1.57,1.38,2.17,6.29,1.08,2.7
7.32,1.84,4.31,1.5,5.5,6.38,2.14,5.22,3.12,2.98,4.4,3.51,3.6,3.68,3.06,3.48,3.3,4.12,2.43,1.1
6.73,3.69,6.18,3.1,7.59,6.87,3.87,6.0,4.67,5.99,4.2,2.21,4.31,6.45,3.95,2.9,4.1,9.1,2.85,3.65
4.65,3.3,5.35,4.4,5.41,4.7,4.24,4.66,3.51,4.75,3.9,4.32,4.5,4.58,3.46,2.88,5.8,8.81,3.21,3.64
6.36,3.84,6.55,3.4,6.51,5.29,4.89,6.27,4.67,4.73,4.6,4.51,6.1,4.35,4.18,4.54,6.2,7.5,3.92,4.64
7.07,3.44,6.64,1.67,6.0,5.85,4.7,6.17,3.78,4.94,4.42,4.47,5.35,4.32,4.52,4.42,5.6,8.39,3.71,5.19
5.39,2.76,6.24,3.13,5.83,4.96,3.16,6.09,2.34,2.53,3.58,3.28,5.24,4.07,4.12,3.53,5.75,5.52,2.76,5.11
5.82,2.89,6.27,4.2,5.88,4.73,2.69,5.18,2.98,2.39,3.8,2.97,4.21,3.81,3.78,3.65,5.5,3.14,2.68,3.82
4.25,3.77,5.94,7.0,5.56,4.37,4.08,5.0,2.25,5.74,4.7,3.62,4.4,4.53,3.83,3.65,4.8,5.05,3.23,4.89
2.54,2.15,2.87,2.9,3.77,2.2,2.47,2.57,2.63,3.22,3.15,3.2,3.2,3.04,3.05,2.61,3.32,3.86,2.24,2.9
2.99,1.68,2.15,3.6,3.03,2.3,1.74,2.57,2.18,3.61,1.7,2.79,2.0,1.83,1.31,1.75,1.6,2.84,1.71,1.8
2.83,1.93,1.54,2.41,1.14,3.35,1.44,1.42,2.79,3.36,3.04,2.19,1.6,2.02,2.24,2.57,1.2,2.92,2.13,1.84
3.55,1.65,3.39,2.4,3.01,3.65,0.7,2.67,2.14,3.02,2.8,2.75,3.3,2.12,1.86,2.27,2.7,3.62,1.97,2.81
4.22,1.88,4.5,3.2,5.63,4.63,2.06,6.31,5.07,4.95,3.9,5.43,4.6,3.76,3.54,3.91,4.16,7.34,1.86,3.64
6.13,3.57,6.58,3.8,5.5,5.27,3.86,7.23,5.48,6.47,5.28,5.48,5.0,4.21,5.15,4.77,5.6,13.31,3.65,4.19
3.55,3.46,,2.2,2.59,2.28,3.44,1.83,1.49,3.73,4.8,3.02,4.8,1.8,1.96,1.32,3.3,3.61,0.83,3.65
3.43,2.1,4.0,1.59,3.04,2.35,1.6,3.39,1.08,2.16,1.6,2.3,2.5,2.03,1.61,2.02,1.4,3.6,1.62,1.79
3.95,3.23,3.26,3.14,3.6,2.25,2.24,2.98,3.97,3.84,3.75,2.16,4.14,3.52,2.0,2.19,3.87,6.34,3.71,3.38
3.57,1.84,1.64,2.67,1.95,1.94,2.29,1.96,3.91,5.02,1.4,2.18,2.0,2.16,1.7,1.64,3.2,10.21,1.67,1.76
4.81,3.84,5.27,3.0,4.33,4.17,4.17,6.1,2.56,2.97,5.0,5.49,5.0,2.72,3.53,3.76,2.9,5.91,3.85,4.03
5.83,2.14,2.52,1.8,3.83,3.16,1.52,3.08,3.37,4.86,2.2,1.45,3.5,3.08,1.58,1.34,5.2,8.01,1.2,2.23
3.93,5.13,5.8,4.1,5.23,5.15,4.67,6.25,5.72,5.24,6.6,5.87,6.9,4.2,2.45,3.98,3.9,6.16,5.13,5.03
3.24,1.34,2.65,1.94,3.94,3.6,1.21,2.79,3.94,5.58,1.36,1.05,1.44,3.23,2.2,1.65,4.47,5.52,1.32,1.15
5.88,3.17,4.39,2.7,4.6,4.82,2.33,4.14,3.62,4.36,3.98,2.61,4.75,4.22,3.41,2.7,5.66,4.43,1.79,2.91
2.09,2.45,3.34,2.35,3.41,3.44,2.01,2.87,3.41,1.76,3.48,2.35,3.6,3.03,1.53,2.64,4.56,2.87,1.37,3.0
2.45,2.61,4.61,4.0,6.24,4.79,1.54,3.75,2.96,6.26,2.9,2.51,2.4,4.55,3.33,2.96,6.1,5.94,1.77,2.68
5.62,3.08,5.52,3.74,5.78,6.56,2.44,4.2,2.86,5.01,4.91,3.05,4.77,4.65,4.78,3.9,6.56,5.52,2.36,4.62
4.26,3.94,5.23,3.82,5.71,4.86,3.07,4.08,3.55,3.49,4.68,3.31,3.63,3.78,3.6,3.67,5.1,2.26,2.96,4.0
4.39,4.36,4.3,3.35,3.76,4.34,2.88,3.97,2.9,4.79,6.05,3.22,5.73,2.76,1.97,3.29,3.0,8.43,3.61,3.84
4.05,3.61,3.77,2.06,3.43,3.48,2.04,3.13,2.69,2.55,3.5,1.91,3.5,3.02,1.78,2.08,3.2,3.0,1.61,2.98
4.39,1.92,4.16,4.07,3.62,3.17,1.87,3.11,1.73,4.12,2.3,2.71,3.79,3.15,2.54,2.9,3.6,5.75,,2.54
7.72,2.96,2.28,1.89,2.61,4.39,4.26,3.29,3.18,3.87,3.66,4.58,6.16,2.71,5.06,3.04,3.99,6.81,3.03,2.87
7.04,4.64,5.36,4.04,6.43,4.91,2.68,4.56,2.8,3.56,4.09,2.92,5.74,4.27,3.86,3.59,5.54,6.89,2.58,4.05
2.58,3.28,3.69,2.6,3.88,3.81,2.08,3.21,2.4,1.48,5.11,3.45,4.5,2.52,1.71,1.55,2.1,2.04,3.44,3.2
3.96,3.51,1.89,2.0,0.98,2.93,2.16,1.69,2.22,2.99,3.4,2.2,4.31,1.37,1.67,2.21,1.0,3.33,2.51,2.88
3.28,1.52,2.57,2.43,1.81,2.54,1.48,1.71,2.0,2.32,1.46,1.66,1.4,2.53,2.01,1.65,2.35,4.35,1.24,1.69
2.27,1.72,1.58,2.44,4.32,3.67,0.72,3.81,2.26,3.65,1.16,2.17,1.59,2.68,1.47,1.88,1.7,4.62,1.41,0.82
3.98,3.71,2.19,3.4,1.74,3.62,3.64,2.35,2.6,2.63,5.0,3.29,5.9,2.0,2.47,3.75,2.6,,3.56,4.13
3.57,1.81,3.62,1.95,3.39,4.26,2.26,4.49,2.58,4.21,3.9,1.5,2.8,2.49,1.6,3.04,2.6,5.76,1.73,2.69
3.95,2.7,4.75,3.15,4.79,5.1,3.38,3.81,2.66,4.69,4.42,3.85,3.62,3.94,3.41,3.68,4.28,4.22,2.37,3.34
4.29,1.13,3.15,2.6,2.95,2.72,2.08,2.78,4.66,3.96,4.3,3.27,3.85,2.28,2.14,2.87,2.7,3.3,2.92,2.75
5.35,4.73,5.77,4.0,5.49,4.58,3.77,5.08,5.16,5.28,6.97,3.65,7.2,4.31,3.41,2.99,5.3,7.65,4.46,4.85
3.06,1.76,2.08,1.99,1.53,2.6,1.31,1.4,2.94,4.04,2.4,1.58,2.2,1.77,2.37,1.81,1.34,5.58,1.67,1.59
3.11,2.73,2.37,2.6,3.14,3.55,2.29,2.49,3.58,2.88,3.7,3.15,2.9,2.59,2.8,2.27,2.66,3.24,2.5,3.15
3.39,1.8,1.61,1.6,1.4,3.43,2.42,1.22,2.84,2.81,1.9,1.43,2.0,1.06,2.08,2.76,1.5,3.45,2.15,2.42
3.84,2.81,1.86,3.0,1.31,3.27,2.51,1.67,2.97,1.75,2.7,2.84,5.0,1.18,2.14,3.14,1.3,2.5,1.96,1.06
5.83,5.31,7.64,5.0,8.04,7.95,2.71,6.4,5.94,5.97,6.3,4.7,4.24,6.69,5.33,4.8,5.8,11.63,4.92,3.85
4.74,5.68,8.84,5.5,6.81,7.12,4.96,7.5,5.21,4.27,7.3,4.69,5.8,6.63,3.48,4.56,4.9,7.13,5.46,5.18
2.42,5.67,4.07,4.6,3.71,3.56,3.06,4.22,2.77,4.77,4.7,4.92,4.5,2.42,1.72,2.07,2.7,6.12,5.46,4.21
3.59,2.06,2.78,2.7,3.59,2.66,2.11,2.81,3.35,4.33,3.7,2.74,2.21,3.11,1.5,2.77,3.0,4.88,2.3,3.38
,,,,,,,,,,,,,,,,,,,
5.72,6.01,8.54,5.5,7.11,7.13,5.47,9.71,6.67,7.78,8.4,7.14,8.1,5.55,2.96,6.05,5.9,9.52,5.99,5.35
4.48,2.64,7.1,3.7,6.3,5.64,4.31,6.54,5.32,5.31,4.5,7.06,5.8,3.64,4.76,3.67,3.1,9.04,4.11,2.25
6.99,5.8,6.27,5.1,5.0,5.6,5.35,5.49,4.57,2.28,5.9,4.65,6.41,3.85,3.9,3.72,4.2,3.08,5.97,5.31
3.38,3.54,4.01,3.7,2.66,2.95,4.42,5.11,1.3,5.87,4.7,3.95,3.2,2.65,2.66,2.5,3.6,7.55,2.97,3.51
7.18,1.88,5.76,3.5,7.6,6.95,3.38,6.73,6.67,7.98,6.29,3.98,4.9,5.25,5.02,4.26,4.9,12.74,2.55,4.7
5.56,2.66,8.49,6.0,7.28,7.23,1.52,7.29,5.26,4.78,9.0,2.15,6.6,4.39,3.52,5.97,5.0,5.07,8.0,5.74
3.4,2.05,2.4,2.1,4.58,1.22,1.98,3.61,2.37,2.74,2.3,2.02,3.2,2.31,2.56,2.22,2.5,3.83,1.31,2.02
3.07,0.88,3.57,2.43,3.45,3.15,1.64,3.38,2.49,3.43,1.5,3.04,2.9,2.81,1.6,2.41,1.3,6.68,2.59,2.08
3.83,3.47,2.27,2.73,4.17,4.02,2.03,1.91,2.62,3.57,3.9,2.42,3.7,2.01,3.21,2.59,2.3,4.27,2.33,2.95
4.59,2.64,5.3,3.8,4.86,4.83,2.89,3.48,3.55,3.42,2.2,2.21,2.7,2.82,3.41,2.16,3.0,6.3,2.98,2.31
3.28,1.59,3.34,2.4,3.53,3.67,2.93,2.91,3.09,3.6,4.02,3.11,2.4,2.97,2.04,2.59,3.2,6.22,2.55,3.05
4.05,1.24,4.22,2.8,3.24,4.11,2.03,3.73,2.55,2.83,2.0,1.57,1.8,2.12,3.09,2.08,1.3,4.25,1.56,1.48
2.95,1.59,1.78,1.7,2.74,4.1,1.84,2.06,2.15,2.91,3.8,1.29,3.4,2.43,2.11,1.41,1.9,4.65,1.95,1.71
2.98,1.78,3.4,1.9,2.35,3.75,1.58,2.13,3.25,3.56,2.3,1.61,1.3,3.3,2.13,1.86,2.4,3.57,1.65,1.86
2.61,1.47,3.0,1.73,2.02,2.75,1.31,2.31,3.79,4.5,1.6,1.84,1.5,0.95,2.1,2.08,2.4,6.0,1.74,1.25
3.83,3.13,3.87,3.1,4.32,4.31,1.83,2.96,1.92,2.59,3.7,2.34,2.8,3.97,2.09,2.96,2.2,3.73,2.03,1.98
4.64,2.2,3.65,2.0,5.07,4.6,1.99,3.84,3.88,3.78,2.5,2.34,4.0,4.75,3.95,0.96,3.5,6.97,0.94,2.41
4.3,3.54,7.68,2.1,5.78,6.88,2.82,6.0,3.61,3.09,4.9,3.13,5.1,3.52,4.8,4.01,3.0,2.99,3.71,3.07
4.0,3.62,4.98,4.7,4.51,5.26,1.94,3.79,4.01,3.11,5.6,4.57,4.5,3.8,3.4,3.61,2.9,5.11,5.36,4.15
3.53,3.67,2.67,2.83,2.26,3.12,2.69,1.66,2.23,2.75,4.3,3.77,3.67,1.6,1.97,2.23,1.51,2.98,2.86,3.17
2.56,1.8,4.49,1.7,5.19,3.11,1.41,3.78,3.29,4.51,2.57,1.49,2.5,3.92,1.39,2.36,5.0,5.88,1.48,2.13
1.71,1.6,1.13,1.8,1.96,2.64,0.79,0.77,1.4,3.43,,1.97,1.62,2.36,1.03,2.27,2.0,4.33,1.17,1.26
2.95,2.77,4.27,1.9,3.65,4.0,1.63,2.87,2.17,3.07,2.0,2.65,2.2,3.4,2.35,2.07,2.09,4.12,1.94,1.81
3.36,3.06,4.34,2.47,3.85,4.61,2.3,3.64,3.31,2.5,3.6,2.66,3.2,2.11,2.86,2.41,1.43,3.31,2.97,3.09
4.39,2.5,5.46,3.82,3.91,5.64,3.38,4.89,4.65,2.63,4.7,3.01,3.7,3.32,3.66,3.89,3.0,3.43,4.0,3.19
4.52,2.66,6.17,1.6,5.13,4.48,3.76,4.55,4.05,3.05,2.9,3.79,4.4,4.1,3.5,3.46,4.56,5.86,3.11,2.71
6.67,2.83,4.73,1.6,5.78,5.56,4.65,5.44,3.43,4.03,3.7,4.8,6.1,4.94,4.34,4.22,5.2,7.32,3.57,3.93
3.16,1.53,2.38,1.6,4.32,2.44,1.4,2.68,2.46,4.44,1.6,2.05,1.6,3.38,3.04,1.72,4.1,4.83,1.66,1.66
4.16,2.65,5.02,2.79,3.75,3.65,2.63,4.71,3.24,2.22,2.0,3.0,2.9,3.09,2.98,2.37,3.3,2.96,0.94,1.95
4.7,1.52,1.5,1.9,2.6,2.12,1.58,1.22,2.08,2.36,1.2,1.33,4.1,2.4,2.9,2.01,2.2,6.29,1.86,1.24
5.04,3.55,5.51,3.7,5.01,3.19,2.4,5.32,3.11,3.26,4.4,2.99,2.9,4.61,2.4,3.01,3.8,6.4,4.58,2.89
